timestamp,amount,user_id,country,channel,merchant_category,is_fraud
2024-01-03 16:15:00,44.02,1422,FR,app,travel,0
2024-01-24 05:14:00,85.59,1612,AT,pos,electronics,0
2024-01-20 15:17:00,76.67,1750,GB,web,fashion,0
2024-01-14 03:59:00,129.83,1753,FR,app,electronics,0
2024-01-13 23:46:00,32.56,1339,PL,pos,travel,0
2024-01-26 18:11:00,59.45,1936,FR,web,other,0
2024-01-03 13:52:00,115.39,1083,DE,app,travel,0
2024-01-21 22:06:00,18.43,1116,US,app,grocery,0
2024-01-07 01:03:00,140.4,1024,DE,web,grocery,0
2024-01-03 19:48:00,131.15,1926,DE,app,travel,0
2024-01-16 19:03:00,106.58,1180,FR,web,gaming,0
2024-01-30 06:26:00,128.74,1601,NL,web,other,0
2024-01-23 01:44:00,55.89,1812,CH,app,grocery,0
2024-01-23 20:01:00,219.93,1766,DE,pos,gaming,0
2024-01-22 12:35:00,200.28,1948,CH,app,electronics,0
2024-01-24 13:57:00,108.24,1053,AT,web,travel,0
2024-01-16 09:31:00,91.4,1407,DE,web,travel,0
2024-01-04 20:14:00,148.62,1506,IT,web,electronics,0
2024-01-26 04:37:00,44.57,1696,DE,web,grocery,0
2024-01-14 12:16:00,131.31,1622,AT,web,grocery,0
2024-01-16 00:15:00,107.28,1559,NL,pos,gaming,0
2024-01-12 02:58:00,61.4,1306,PL,pos,electronics,0
2024-01-06 11:26:00,110.26,1106,AT,pos,electronics,0
2024-01-28 19:16:00,215.41,1431,CH,app,grocery,0
2024-01-24 10:43:00,15.65,1259,AT,web,grocery,0
2024-01-20 07:34:00,33.27,1554,GB,web,grocery,0
2024-01-13 01:44:00,66.88,1797,DE,app,travel,0
2024-01-25 16:23:00,130.08,1552,DE,web,grocery,0
2024-01-17 08:42:00,105.44,1583,FR,app,electronics,0
2024-01-14 07:15:00,129.77,1041,DE,app,electronics,0
2024-01-14 12:19:00,61.95,1644,DE,app,electronics,0
2024-01-07 19:36:00,85.68,1439,DE,app,grocery,0
2024-01-03 18:20:00,170.68,1123,NL,app,grocery,0
2024-01-17 15:18:00,97.12,1213,ES,web,other,0
2024-01-27 15:16:00,118.74,1780,NL,web,fashion,0
2024-01-02 21:56:00,83.24,1916,PL,app,grocery,0
2024-01-26 17:58:00,52.27,1507,CH,app,electronics,0
2024-01-25 19:53:00,135.15,1976,GB,pos,travel,0
2024-01-09 07:16:00,163.33,1180,PL,app,other,0
2024-01-19 22:47:00,90.09,1299,US,web,other,0
2024-01-05 22:57:00,39.27,1930,PL,web,fashion,0
2024-01-23 17:49:00,123.49,1175,FR,web,grocery,0
2024-01-22 00:22:00,114.89,1659,AT,pos,travel,0
2024-01-11 15:15:00,70.84,1219,FR,web,travel,0
2024-01-03 00:54:00,361.78,1331,DE,pos,gaming,1
2024-01-30 02:54:00,219.04,1477,FR,pos,other,0
2024-01-14 08:53:00,112.79,1359,DE,app,electronics,0
2024-01-27 19:02:00,115.46,1874,DE,app,gaming,0
2024-01-21 08:06:00,216.84,1972,GB,app,electronics,0
2024-01-24 08:26:00,179.87,1500,NL,app,electronics,0
2024-01-23 19:07:00,79.5,1525,ES,web,electronics,0
2024-01-06 20:08:00,116.29,1055,CH,app,fashion,0
2024-01-11 22:00:00,78.44,1234,ES,app,travel,0
2024-01-15 00:02:00,30.1,1039,US,app,fashion,0
2024-01-15 22:24:00,17.01,1856,NL,web,fashion,0
2024-01-02 07:32:00,98.85,1227,ES,web,travel,1
2024-01-17 09:31:00,214.56,1340,FR,pos,other,0
2024-01-05 15:05:00,73.95,1842,CH,app,grocery,0
2024-01-23 07:13:00,87.39,1713,NL,app,other,0
2024-01-21 11:47:00,59.66,1621,GB,pos,grocery,0
2024-01-28 16:13:00,18.13,1038,FR,web,travel,0
2024-01-23 08:13:00,66.72,1562,FR,web,fashion,0
2024-01-11 23:58:00,83.88,1560,FR,web,fashion,0
2024-01-30 00:36:00,95.53,1318,FR,app,electronics,0
2024-01-13 07:48:00,190.2,1744,GB,pos,other,0
2024-01-10 18:35:00,119.51,1929,NL,web,grocery,0
2024-01-28 03:59:00,191.96,1259,FR,web,fashion,0
2024-01-12 02:43:00,129.59,1331,FR,web,gaming,0
2024-01-03 06:58:00,121.58,1322,FR,app,electronics,0
2024-01-15 02:04:00,137.24,1834,DE,app,other,0
2024-01-24 20:53:00,41.85,1077,IT,web,fashion,1
2024-01-06 16:25:00,150.19,1895,US,web,grocery,0
2024-01-14 21:19:00,67.0,1775,NL,app,grocery,0
2024-01-04 21:32:00,68.76,1483,DE,app,grocery,0
2024-01-21 14:15:00,88.54,1583,PL,pos,travel,0
2024-01-15 06:30:00,62.12,1894,PL,app,travel,0
2024-01-10 21:44:00,34.42,1769,AT,web,fashion,0
2024-01-07 19:22:00,83.53,1276,ES,web,fashion,0
2024-01-17 22:26:00,69.02,1050,ES,pos,grocery,0
2024-01-21 02:15:00,67.08,1658,US,web,travel,0
2024-01-29 05:01:00,77.14,1145,DE,pos,fashion,0
2024-01-14 02:44:00,8.03,1087,DE,app,other,0
2024-01-05 19:41:00,67.48,1982,IT,pos,electronics,0
2024-01-25 23:31:00,208.12,1473,DE,pos,grocery,0
2024-01-19 21:25:00,197.24,1650,FR,web,grocery,0
2024-01-22 00:11:00,85.76,1217,PL,web,travel,1
2024-01-03 22:00:00,83.58,1101,DE,app,travel,0
2024-01-10 08:54:00,5.38,1062,FR,web,travel,0
2024-01-24 00:50:00,52.96,1354,GB,app,grocery,0
2024-01-25 23:13:00,136.29,1003,IT,app,travel,0
2024-01-14 01:21:00,60.91,1420,IT,pos,electronics,0
2024-01-25 03:25:00,169.09,1324,ES,app,travel,0
2024-01-26 06:01:00,162.2,1526,DE,web,grocery,0
2024-01-12 14:59:00,52.09,1589,DE,app,fashion,0
2024-01-27 22:37:00,90.68,1308,NL,app,travel,0
2024-01-09 15:35:00,219.16,1455,FR,app,electronics,0
2024-01-08 04:28:00,21.23,1078,AT,app,other,0
2024-01-21 11:23:00,62.02,1301,DE,web,fashion,0
2024-01-20 02:28:00,18.99,1978,US,pos,grocery,0
2024-01-05 04:37:00,39.2,1991,DE,web,grocery,0
2024-01-25 23:34:00,262.13,1485,PL,pos,grocery,0
2024-01-06 23:56:00,62.0,1939,FR,web,gaming,0
2024-01-25 03:31:00,10.88,1501,ES,web,travel,0
2024-01-01 05:18:00,34.09,1125,AT,app,travel,0
2024-01-24 21:43:00,16.84,1867,DE,app,gaming,0
2024-01-24 14:35:00,93.3,1415,IT,pos,gaming,0
2024-01-24 09:51:00,113.29,1612,NL,web,grocery,0
2024-01-20 22:41:00,151.57,1648,DE,web,grocery,0
2024-01-15 03:31:00,131.22,1308,FR,pos,fashion,0
2024-01-22 03:43:00,22.32,1733,FR,app,other,0
2024-01-09 07:31:00,109.21,1501,DE,web,other,0
2024-01-24 10:07:00,74.56,1366,ES,app,other,0
2024-01-17 16:03:00,166.75,1297,DE,pos,travel,0
2024-01-14 18:25:00,141.74,1746,IT,app,fashion,0
2024-01-16 04:02:00,284.75,1249,DE,app,other,0
2024-01-18 01:29:00,36.69,1124,IT,web,other,0
2024-01-02 02:49:00,31.99,1881,CH,app,grocery,0
2024-01-05 04:39:00,55.72,1331,FR,pos,grocery,0
2024-01-08 08:44:00,76.9,1641,FR,web,travel,0
2024-01-04 10:27:00,46.95,1716,GB,app,gaming,1
2024-01-14 04:31:00,38.48,1838,IT,app,other,0
2024-01-21 01:15:00,104.05,1625,US,pos,electronics,0
2024-01-20 15:11:00,55.58,1707,AT,web,fashion,0
2024-01-15 03:11:00,45.24,1837,FR,pos,other,0
2024-01-26 15:39:00,22.28,1943,DE,app,other,0
2024-01-17 22:58:00,6.13,1046,FR,pos,electronics,0
2024-01-03 09:01:00,201.45,1743,NL,web,electronics,0
2024-01-23 22:47:00,197.48,1174,US,web,electronics,0
2024-01-18 05:42:00,144.74,1891,ES,app,fashion,0
2024-01-20 00:59:00,121.94,1048,NL,app,fashion,0
2024-01-17 23:04:00,51.38,1246,DE,pos,travel,0
2024-01-17 14:34:00,125.48,1192,DE,pos,grocery,0
2024-01-03 17:12:00,29.84,1603,PL,app,gaming,0
2024-01-17 18:37:00,89.04,1004,DE,pos,fashion,0
2024-01-24 20:20:00,41.93,1017,DE,app,travel,0
2024-01-10 02:50:00,125.85,1504,GB,app,electronics,0
2024-01-19 02:02:00,229.01,1971,GB,app,gaming,0
2024-01-01 22:11:00,33.97,1528,ES,app,gaming,0
2024-01-11 10:11:00,53.54,1445,FR,app,gaming,0
2024-01-14 02:26:00,87.8,1657,US,app,other,0
2024-01-30 11:34:00,12.64,1551,DE,app,electronics,0
2024-01-07 10:30:00,17.76,1384,FR,web,gaming,0
2024-01-09 07:06:00,224.59,1588,FR,pos,other,0
2024-01-13 06:08:00,104.38,1003,GB,web,electronics,0
2024-01-30 18:43:00,48.99,1244,GB,app,electronics,0
2024-01-26 14:27:00,80.87,1673,NL,web,grocery,0
2024-01-02 00:58:00,55.92,1341,DE,app,travel,0
2024-01-08 00:26:00,89.78,1054,IT,web,grocery,0
2024-01-25 15:36:00,57.67,1124,AT,web,fashion,0
2024-01-02 17:58:00,76.1,1866,US,app,grocery,0
2024-01-26 16:04:00,133.79,1329,DE,app,fashion,0
2024-01-09 10:35:00,127.82,1022,DE,pos,gaming,0
2024-01-28 12:42:00,216.27,1728,NL,pos,other,0
2024-01-09 19:23:00,109.81,1530,FR,web,travel,0
2024-01-14 00:42:00,84.85,1451,US,pos,travel,0
2024-01-20 20:34:00,237.75,1894,DE,pos,electronics,0
2024-01-04 18:55:00,70.04,1313,US,app,gaming,0
2024-01-17 17:03:00,7.08,1572,DE,web,electronics,0
2024-01-16 03:36:00,145.98,1744,DE,app,grocery,0
2024-01-24 12:24:00,100.57,1608,FR,web,other,0
2024-01-30 21:11:00,81.84,1207,AT,app,fashion,0
2024-01-20 22:18:00,148.66,1681,ES,pos,grocery,0
2024-01-13 06:36:00,58.08,1743,DE,web,gaming,0
2024-01-13 04:35:00,7.61,1122,DE,app,electronics,0
2024-01-13 12:55:00,150.69,1165,PL,app,electronics,0
2024-01-25 10:05:00,47.52,1674,DE,web,travel,0
2024-01-10 15:16:00,35.26,1118,NL,web,fashion,0
2024-01-06 00:13:00,8.21,1880,PL,pos,grocery,0
2024-01-11 00:41:00,142.08,1109,DE,app,travel,0
2024-01-01 16:21:00,3.87,1974,PL,web,other,0
2024-01-04 04:25:00,190.94,1671,AT,web,travel,0
2024-01-03 16:50:00,62.85,1443,FR,app,grocery,0
2024-01-24 03:31:00,146.8,1268,DE,web,travel,0
2024-01-22 16:05:00,112.22,1344,US,app,fashion,0
2024-01-21 21:40:00,266.94,1748,ES,app,other,0
2024-01-14 20:33:00,110.04,1753,IT,web,gaming,0
2024-01-22 12:16:00,186.21,1208,GB,pos,grocery,0
2024-01-05 20:06:00,52.12,1542,CH,app,fashion,0
2024-01-28 00:26:00,17.68,1992,US,app,fashion,0
2024-01-16 00:45:00,162.68,1257,PL,web,gaming,0
2024-01-29 03:23:00,17.09,1693,GB,pos,other,0
2024-01-05 13:39:00,140.99,1172,GB,web,fashion,0
2024-01-15 22:04:00,31.43,1834,GB,app,electronics,0
2024-01-21 21:21:00,102.01,1170,DE,web,travel,0
2024-01-15 20:51:00,270.21,1297,PL,web,gaming,0
2024-01-14 09:13:00,133.42,1459,US,web,travel,0
2024-01-05 23:40:00,70.28,1370,NL,app,gaming,0
2024-01-12 10:20:00,114.11,1170,AT,app,fashion,0
2024-01-08 03:54:00,53.75,1640,GB,app,grocery,0
2024-01-10 01:05:00,339.03,1019,DE,web,gaming,0
2024-01-21 12:15:00,44.44,1983,IT,app,grocery,0
2024-01-19 21:48:00,76.48,1052,IT,app,gaming,0
2024-01-19 05:10:00,125.15,1333,DE,web,travel,0
2024-01-11 20:30:00,108.23,1929,PL,web,electronics,0
2024-01-29 18:58:00,117.19,1155,DE,app,other,0
2024-01-03 15:06:00,54.7,1072,NL,web,electronics,0
2024-01-11 06:39:00,67.99,1743,US,web,grocery,0
2024-01-04 12:57:00,157.58,1073,CH,app,travel,1
2024-01-11 04:02:00,152.28,1899,NL,pos,fashion,0
2024-01-29 20:33:00,110.11,1451,DE,pos,grocery,0
2024-01-11 23:42:00,201.88,1869,US,app,travel,0
2024-01-28 06:10:00,161.89,1245,GB,app,travel,0
2024-01-15 20:26:00,149.13,1141,DE,app,other,0
2024-01-21 23:47:00,16.73,1962,NL,app,grocery,0
2024-01-14 17:20:00,109.15,1762,IT,web,grocery,0
2024-01-08 23:25:00,95.31,1910,IT,pos,gaming,0
2024-01-23 22:14:00,219.24,1319,NL,pos,electronics,1
2024-01-30 01:48:00,73.15,1404,IT,app,fashion,0
2024-01-08 21:44:00,89.56,1577,ES,web,electronics,0
2024-01-24 08:42:00,31.03,1448,AT,app,gaming,0
2024-01-08 20:01:00,37.09,1242,FR,web,grocery,0
2024-01-22 12:09:00,219.7,1375,US,app,fashion,0
2024-01-24 16:05:00,116.87,1608,DE,pos,gaming,0
2024-01-14 11:32:00,270.61,1037,ES,pos,grocery,0
2024-01-23 02:34:00,72.1,1335,DE,app,electronics,0
2024-01-09 04:00:00,21.44,1292,US,web,grocery,0
2024-01-03 09:03:00,64.12,1070,ES,web,grocery,0
2024-01-03 21:24:00,55.46,1122,FR,pos,fashion,0
2024-01-14 09:51:00,136.7,1495,AT,web,travel,0
2024-01-28 01:52:00,132.88,1102,FR,app,fashion,0
2024-01-04 19:51:00,121.04,1344,GB,web,electronics,0
2024-01-14 16:09:00,326.03,1560,IT,app,fashion,0
2024-01-22 02:54:00,194.1,1873,FR,web,gaming,0
2024-01-07 01:42:00,39.54,1098,PL,app,gaming,0
2024-01-22 15:33:00,165.52,1434,FR,web,fashion,1
2024-01-10 04:17:00,85.16,1102,FR,pos,fashion,0
2024-01-25 06:14:00,70.53,1428,CH,app,fashion,0
2024-01-18 09:02:00,210.45,1480,DE,web,fashion,0
2024-01-17 09:46:00,37.26,1799,PL,web,travel,0
2024-01-06 07:16:00,158.06,1442,US,app,fashion,0
2024-01-14 21:30:00,141.31,1935,GB,web,other,0
2024-01-26 16:45:00,36.6,1137,US,web,fashion,0
2024-01-01 14:03:00,16.07,1053,FR,app,gaming,0
2024-01-23 18:08:00,78.06,1004,AT,pos,grocery,0
2024-01-15 18:47:00,178.64,1356,NL,web,travel,0
2024-01-22 14:00:00,108.84,1192,GB,web,grocery,0
2024-01-20 21:34:00,214.97,1091,PL,app,grocery,0
2024-01-13 23:06:00,103.49,1235,IT,app,travel,0
2024-01-10 06:14:00,224.55,1974,NL,app,travel,0
2024-01-19 19:39:00,50.61,1800,PL,pos,gaming,1
2024-01-05 04:57:00,120.77,1018,GB,pos,other,0
2024-01-18 12:33:00,60.34,1915,PL,pos,fashion,0
2024-01-03 20:10:00,76.18,1205,FR,app,travel,0
2024-01-20 11:53:00,89.33,1405,AT,web,travel,0
2024-01-19 20:41:00,108.59,1327,IT,web,fashion,0
2024-01-03 12:47:00,44.77,1405,CH,web,electronics,0
2024-01-23 17:23:00,116.67,1760,GB,app,other,0
2024-01-13 11:22:00,85.96,1712,IT,pos,fashion,0
2024-01-24 14:33:00,22.76,1594,IT,app,fashion,0
2024-01-02 05:57:00,13.39,1626,CH,app,electronics,0
2024-01-06 09:12:00,179.09,1727,NL,pos,gaming,0
2024-01-15 19:40:00,73.26,1184,IT,web,fashion,0
2024-01-06 15:31:00,20.23,1395,DE,app,grocery,0
2024-01-10 21:30:00,249.06,1107,US,web,electronics,0
2024-01-20 19:37:00,125.24,1704,FR,pos,gaming,0
2024-01-05 08:03:00,106.5,1437,FR,app,travel,0
2024-01-21 07:56:00,41.24,1637,DE,web,fashion,0
2024-01-04 02:27:00,22.41,1564,ES,app,travel,0
2024-01-06 06:07:00,95.41,1273,NL,app,other,0
2024-01-18 15:06:00,81.88,1138,US,web,electronics,0
2024-01-24 19:18:00,31.53,1972,DE,web,travel,0
2024-01-06 02:49:00,30.45,1293,GB,app,grocery,0
2024-01-09 23:59:00,28.96,1109,NL,web,electronics,0
2024-01-28 18:05:00,27.97,1305,AT,web,electronics,0
2024-01-30 16:34:00,49.17,1902,DE,web,fashion,0
2024-01-18 10:21:00,106.52,1261,AT,web,travel,0
2024-01-14 09:52:00,119.85,1986,US,pos,electronics,0
2024-01-11 09:44:00,80.58,1460,AT,web,electronics,0
2024-01-19 08:57:00,92.17,1861,FR,web,gaming,0
2024-01-18 17:27:00,123.96,1653,NL,web,fashion,0
2024-01-09 20:13:00,9.46,1043,US,web,other,0
2024-01-01 16:25:00,97.66,1509,NL,app,grocery,0
2024-01-05 13:04:00,199.95,1416,PL,app,other,0
2024-01-29 18:09:00,71.76,1201,DE,app,travel,0
2024-01-13 13:04:00,174.18,1549,US,app,fashion,0
2024-01-15 11:15:00,72.81,1102,AT,pos,grocery,0
2024-01-15 00:19:00,129.87,1698,DE,web,gaming,0
2024-01-24 11:34:00,104.94,1821,GB,web,other,0
2024-01-02 22:46:00,28.49,1092,DE,web,grocery,0
2024-01-03 11:33:00,35.48,1479,DE,web,fashion,0
2024-01-09 06:36:00,224.54,1655,ES,web,grocery,0
2024-01-15 14:23:00,150.16,1062,CH,web,other,0
2024-01-21 03:12:00,76.74,1389,DE,web,fashion,0
2024-01-15 17:18:00,68.97,1258,ES,app,other,0
2024-01-14 05:38:00,41.49,1039,PL,web,other,0
2024-01-29 03:14:00,111.56,1804,PL,web,electronics,0
2024-01-05 19:56:00,44.78,1444,DE,web,travel,0
2024-01-18 03:38:00,61.9,1751,ES,pos,fashion,0
2024-01-17 06:24:00,49.0,1587,US,web,electronics,0
2024-01-15 04:54:00,143.72,1875,DE,web,electronics,0
2024-01-25 05:28:00,74.27,1997,DE,app,grocery,0
2024-01-09 00:13:00,92.7,1602,DE,web,other,0
2024-01-29 14:42:00,29.06,1352,IT,pos,electronics,0
2024-01-10 22:43:00,48.71,1422,DE,pos,travel,0
2024-01-17 08:24:00,94.24,1825,PL,pos,travel,0
2024-01-16 14:53:00,17.13,1426,GB,app,travel,0
2024-01-26 11:50:00,69.93,1519,DE,web,fashion,0
2024-01-14 04:00:00,82.5,1194,NL,pos,other,0
2024-01-09 12:52:00,25.52,1990,DE,web,gaming,0
2024-01-01 15:33:00,168.94,1650,DE,web,other,0
2024-01-11 21:50:00,107.7,1330,PL,web,grocery,0
2024-01-25 18:55:00,73.84,1585,FR,web,other,0
2024-01-01 07:08:00,45.69,1401,GB,app,grocery,0
2024-01-27 21:14:00,16.38,1154,IT,app,grocery,0
2024-01-17 06:50:00,160.2,1874,DE,pos,grocery,0
2024-01-05 04:58:00,57.25,1885,FR,pos,electronics,0
2024-01-10 01:34:00,21.43,1834,DE,pos,other,0
2024-01-17 14:54:00,44.55,1368,US,app,electronics,0
2024-01-10 11:17:00,116.09,1256,NL,app,fashion,0
2024-01-04 06:10:00,99.7,1049,CH,app,travel,0
2024-01-20 23:30:00,31.67,1731,IT,pos,grocery,0
2024-01-21 04:00:00,179.92,1327,NL,web,travel,0
2024-01-04 13:35:00,21.13,1892,PL,pos,electronics,0
2024-01-09 10:29:00,205.33,1869,DE,app,electronics,0
2024-01-08 07:35:00,96.58,1128,DE,web,gaming,0
2024-01-20 18:47:00,60.93,1916,DE,web,fashion,0
2024-01-22 21:48:00,68.08,1140,FR,app,gaming,0
2024-01-22 19:26:00,88.51,1490,FR,pos,electronics,0
2024-01-29 03:54:00,122.62,1473,DE,web,fashion,0
2024-01-24 01:25:00,13.21,1956,FR,app,fashion,0
2024-01-10 14:53:00,43.26,1657,FR,app,electronics,0
2024-01-04 05:34:00,86.37,1875,DE,pos,other,0
2024-01-19 10:32:00,184.57,1595,GB,web,other,0
2024-01-28 11:31:00,179.85,1825,ES,web,gaming,0
2024-01-30 06:06:00,233.93,1852,FR,web,electronics,0
2024-01-07 21:45:00,174.07,1859,IT,web,travel,0
2024-01-08 02:14:00,40.39,1411,CH,web,travel,0
2024-01-02 02:56:00,82.24,1381,US,pos,electronics,0
2024-01-05 05:42:00,174.77,1984,ES,app,electronics,0
2024-01-17 15:29:00,163.32,1756,IT,web,grocery,0
2024-01-17 09:41:00,70.86,1917,GB,app,grocery,0
2024-01-12 03:03:00,120.21,1577,US,app,fashion,0
2024-01-10 07:10:00,56.98,1929,US,web,grocery,1
2024-01-25 21:26:00,19.36,1719,AT,pos,travel,0
2024-01-14 19:13:00,75.88,1742,DE,app,travel,0
2024-01-25 05:56:00,72.32,1177,NL,web,grocery,0
2024-01-29 21:30:00,54.72,1566,FR,web,fashion,0
2024-01-10 12:20:00,122.97,1731,NL,app,other,0
2024-01-07 01:58:00,68.98,1760,PL,web,gaming,0
2024-01-29 14:05:00,111.01,1957,AT,pos,fashion,0
2024-01-20 01:04:00,141.89,1326,AT,app,electronics,0
2024-01-09 17:27:00,351.88,1302,IT,app,other,0
2024-01-19 15:44:00,76.88,1969,AT,pos,fashion,0
2024-01-16 10:50:00,186.32,1986,NL,app,travel,0
2024-01-28 03:58:00,98.64,1179,PL,app,fashion,0
2024-01-08 16:17:00,102.89,1378,IT,pos,other,0
2024-01-30 17:47:00,77.7,1948,PL,pos,gaming,1
2024-01-29 01:57:00,92.36,1199,IT,web,electronics,0
2024-01-06 10:06:00,69.5,1783,PL,web,electronics,1
2024-01-05 22:31:00,164.82,1112,AT,pos,electronics,0
2024-01-16 23:52:00,44.71,1178,PL,web,electronics,0
2024-01-02 08:20:00,19.15,1784,PL,web,other,0
2024-01-09 23:08:00,53.22,1607,AT,pos,electronics,0
2024-01-14 01:16:00,48.49,1554,ES,web,other,0
2024-01-30 01:56:00,53.19,1856,US,web,electronics,0
2024-01-30 18:30:00,74.54,1307,AT,app,travel,0
2024-01-05 13:06:00,53.36,1503,PL,web,gaming,0
2024-01-27 18:00:00,73.71,1608,GB,web,grocery,0
2024-01-03 17:28:00,53.5,1739,US,app,electronics,0
2024-01-23 10:59:00,112.72,1332,FR,web,electronics,0
2024-01-26 08:51:00,349.8,1633,ES,pos,grocery,0
2024-01-27 17:22:00,97.18,1448,GB,web,fashion,1
2024-01-07 16:51:00,55.37,1541,ES,app,gaming,0
2024-01-27 19:16:00,5.32,1862,DE,app,other,0
2024-01-04 11:30:00,276.4,1393,DE,app,other,0
2024-01-16 13:34:00,101.25,1668,PL,web,travel,0
2024-01-15 02:04:00,73.19,1941,FR,web,fashion,0
2024-01-10 11:28:00,5.85,1762,AT,app,grocery,0
2024-01-01 15:55:00,76.24,1988,CH,pos,travel,0
2024-01-24 03:50:00,91.78,1583,PL,app,gaming,0
2024-01-11 01:37:00,53.67,1281,FR,app,travel,0
2024-01-20 20:23:00,23.36,1991,US,pos,fashion,0
2024-01-13 07:21:00,21.76,1644,PL,web,other,0
2024-01-12 05:02:00,279.29,1241,GB,web,travel,0
2024-01-27 14:07:00,89.79,1317,US,pos,electronics,0
2024-01-03 20:00:00,53.63,1262,AT,pos,gaming,0
2024-01-23 02:21:00,85.78,1833,NL,app,other,0
2024-01-23 09:41:00,81.36,1092,DE,web,other,0
2024-01-12 09:35:00,20.61,1739,GB,web,fashion,0
2024-01-08 20:58:00,157.41,1554,AT,app,electronics,0
2024-01-01 03:49:00,71.69,1073,NL,pos,electronics,0
2024-01-29 02:30:00,90.73,1613,US,web,gaming,1
2024-01-29 10:21:00,219.7,1753,DE,pos,travel,0
2024-01-08 05:29:00,24.1,1725,US,web,gaming,0
2024-01-01 22:58:00,42.66,1528,DE,web,other,0
2024-01-04 16:23:00,105.28,1335,FR,app,gaming,1
2024-01-03 00:42:00,155.27,1163,IT,pos,travel,0
2024-01-25 22:24:00,49.43,1012,FR,web,other,0
2024-01-27 18:10:00,51.89,1359,ES,app,travel,0
2024-01-05 14:21:00,130.87,1632,GB,app,gaming,0
2024-01-23 09:39:00,332.14,1037,CH,web,grocery,0
2024-01-06 09:04:00,87.96,1998,ES,app,gaming,0
2024-01-12 00:23:00,42.54,1585,US,web,travel,0
2024-01-18 23:33:00,32.03,1294,PL,web,grocery,0
2024-01-22 14:20:00,74.36,1962,DE,app,electronics,0
2024-01-27 05:41:00,150.37,1183,GB,web,fashion,0
2024-01-02 08:14:00,428.06,1957,DE,app,electronics,1
2024-01-06 21:25:00,64.83,1281,ES,pos,grocery,0
2024-01-09 09:57:00,88.07,1379,ES,pos,grocery,0
2024-01-10 07:25:00,249.1,1425,PL,app,grocery,0
2024-01-30 22:34:00,104.01,1994,DE,web,travel,0
2024-01-24 07:43:00,97.68,1250,DE,web,travel,0
2024-01-10 14:42:00,217.86,1972,PL,pos,gaming,0
2024-01-30 03:42:00,89.65,1346,DE,app,gaming,0
2024-01-15 23:30:00,34.61,1285,FR,web,gaming,0
2024-01-16 00:32:00,188.7,1638,PL,pos,other,0
2024-01-14 00:15:00,17.02,1693,NL,app,electronics,0
2024-01-05 07:36:00,167.57,1345,DE,web,fashion,0
2024-01-29 00:44:00,82.82,1134,CH,app,grocery,0
2024-01-01 10:02:00,65.39,1396,GB,web,other,0
2024-01-06 05:28:00,64.03,1540,FR,app,travel,0
2024-01-07 21:21:00,74.14,1040,DE,pos,travel,0
2024-01-09 09:05:00,57.88,1078,DE,web,grocery,1
2024-01-04 22:54:00,115.28,1917,CH,app,gaming,0
2024-01-01 12:55:00,59.59,1035,GB,pos,travel,0
2024-01-21 07:54:00,83.3,1406,CH,pos,other,0
2024-01-30 01:54:00,9.83,1763,DE,web,electronics,0
2024-01-04 15:43:00,82.87,1328,IT,web,travel,0
2024-01-09 21:30:00,56.92,1494,DE,app,other,0
2024-01-16 04:33:00,159.2,1086,AT,web,fashion,0
2024-01-28 19:48:00,67.61,1794,GB,app,fashion,1
2024-01-21 19:52:00,143.5,1634,NL,app,gaming,1
2024-01-23 23:39:00,132.25,1851,DE,pos,other,0
2024-01-18 10:24:00,134.83,1863,FR,web,electronics,0
2024-01-13 12:15:00,69.55,1350,DE,app,fashion,0
2024-01-06 23:50:00,87.09,1041,DE,app,gaming,0
2024-01-26 22:18:00,113.06,1346,ES,pos,travel,0
2024-01-25 02:58:00,89.14,1145,IT,app,electronics,0
2024-01-01 18:04:00,67.72,1533,PL,app,gaming,0
2024-01-22 11:05:00,37.67,1146,US,app,grocery,0
2024-01-03 12:45:00,84.04,1921,AT,app,fashion,0
2024-01-23 04:04:00,19.23,1602,GB,app,electronics,0
2024-01-25 18:41:00,8.87,1253,IT,pos,travel,0
2024-01-04 22:21:00,29.98,1921,AT,app,electronics,0
2024-01-14 00:21:00,133.73,1769,US,web,travel,0
2024-01-04 17:06:00,99.17,1437,DE,web,travel,0
2024-01-18 00:26:00,134.68,1146,ES,web,electronics,0
2024-01-28 19:50:00,46.17,1343,PL,web,other,0
2024-01-03 10:13:00,170.49,1584,AT,web,fashion,0
2024-01-12 22:15:00,21.77,1765,US,web,travel,0
2024-01-30 04:38:00,31.1,1261,AT,web,grocery,0
2024-01-10 00:40:00,168.46,1742,US,web,other,0
2024-01-04 23:11:00,93.9,1282,DE,web,fashion,0
2024-01-15 15:46:00,135.25,1246,DE,web,gaming,0
2024-01-16 06:01:00,99.48,1447,FR,app,gaming,0
2024-01-20 21:15:00,52.07,1160,US,web,grocery,0
2024-01-10 09:53:00,27.57,1404,DE,web,travel,0
2024-01-29 16:02:00,12.26,1357,US,app,electronics,0
2024-01-16 15:08:00,263.13,1280,AT,pos,gaming,0
2024-01-09 14:14:00,16.27,1775,FR,app,other,0
2024-01-29 19:24:00,212.96,1331,FR,app,gaming,0
2024-01-28 17:51:00,90.05,1695,DE,pos,gaming,0
2024-01-15 23:23:00,101.76,1720,GB,app,fashion,0
2024-01-01 17:53:00,96.9,1665,FR,web,other,0
2024-01-18 21:47:00,123.52,1269,NL,app,grocery,0
2024-01-17 15:44:00,42.31,1829,ES,pos,electronics,0
2024-01-05 10:42:00,7.26,1236,IT,web,electronics,0
2024-01-20 00:27:00,51.15,1277,ES,web,fashion,0
2024-01-26 05:22:00,116.13,1874,US,web,travel,0
2024-01-04 04:14:00,31.4,1339,NL,web,fashion,0
2024-01-22 16:47:00,173.38,1697,IT,pos,travel,0
2024-01-05 05:02:00,75.22,1042,NL,pos,other,0
2024-01-23 11:09:00,28.61,1614,ES,web,fashion,0
2024-01-13 13:45:00,93.21,1868,FR,pos,grocery,0
2024-01-01 04:41:00,114.72,1708,ES,web,other,0
2024-01-29 23:41:00,120.76,1582,FR,app,other,0
2024-01-05 23:29:00,168.59,1849,PL,app,grocery,0
2024-01-18 21:09:00,20.0,1298,GB,web,travel,0
2024-01-06 10:39:00,168.75,1376,GB,app,other,0
2024-01-28 23:46:00,179.52,1069,US,web,other,0
2024-01-23 03:35:00,27.63,1698,ES,app,travel,0
2024-01-25 03:08:00,33.41,1723,PL,web,gaming,0
2024-01-13 23:05:00,140.12,1751,DE,app,grocery,0
2024-01-15 00:30:00,59.9,1748,IT,pos,gaming,0
2024-01-20 00:41:00,197.82,1127,AT,app,gaming,0
2024-01-24 13:01:00,235.7,1666,DE,app,travel,0
2024-01-26 09:49:00,28.58,1763,GB,web,electronics,0
2024-01-01 12:50:00,41.56,1203,US,web,fashion,0
2024-01-20 21:45:00,89.61,1476,IT,web,travel,0
2024-01-04 06:35:00,6.96,1913,AT,web,electronics,0
2024-01-09 15:18:00,12.73,1414,NL,app,travel,0
2024-01-25 21:11:00,37.35,1753,FR,pos,travel,0
2024-01-08 12:22:00,290.72,1530,US,web,electronics,0
2024-01-24 21:42:00,100.2,1657,GB,app,gaming,0
2024-01-14 21:21:00,47.85,1626,CH,web,other,0
2024-01-07 23:30:00,33.15,1650,AT,web,fashion,0
2024-01-11 00:39:00,27.31,1779,AT,web,electronics,0
2024-01-16 22:09:00,50.94,1904,DE,web,travel,0
2024-01-23 22:54:00,48.45,1295,FR,web,gaming,0
2024-01-19 04:19:00,69.0,1928,DE,web,fashion,0
2024-01-28 23:55:00,118.73,1627,DE,app,fashion,0
2024-01-27 00:46:00,77.74,1595,AT,app,travel,0
2024-01-23 14:24:00,146.05,1327,DE,pos,electronics,0
2024-01-19 02:14:00,65.06,1416,PL,web,gaming,0
2024-01-09 16:41:00,247.83,1651,DE,web,grocery,0
2024-01-13 09:03:00,143.56,1363,US,app,fashion,0
2024-01-04 13:36:00,98.16,1287,AT,web,other,0
2024-01-12 05:24:00,119.02,1819,DE,app,fashion,0
2024-01-28 19:03:00,52.14,1415,DE,app,travel,1
2024-01-13 18:38:00,68.1,1644,PL,app,fashion,0
2024-01-04 09:53:00,65.99,1031,AT,web,gaming,0
2024-01-20 13:23:00,42.97,1077,IT,web,gaming,0
2024-01-29 21:04:00,22.76,1848,DE,app,other,0
2024-01-27 00:35:00,123.72,1142,GB,app,electronics,0
2024-01-09 05:20:00,162.45,1795,DE,web,fashion,0
2024-01-14 14:48:00,111.29,1900,FR,web,fashion,0
2024-01-16 22:19:00,77.56,1481,US,web,gaming,0
2024-01-08 10:26:00,323.53,1884,AT,app,grocery,0
2024-01-09 01:27:00,47.32,1427,AT,web,fashion,0
2024-01-08 02:23:00,100.67,1951,US,pos,electronics,0
2024-01-30 20:05:00,178.84,1237,AT,web,other,0
2024-01-23 09:07:00,30.23,1427,DE,app,fashion,0
2024-01-26 05:24:00,130.6,1388,FR,web,travel,0
2024-01-25 11:55:00,258.74,1784,DE,app,travel,0
2024-01-29 18:34:00,82.68,1043,GB,app,grocery,0
2024-01-04 03:48:00,94.04,1828,NL,app,travel,0
2024-01-27 10:46:00,47.56,1023,ES,pos,grocery,0
2024-01-02 23:55:00,118.04,1315,DE,web,other,0
2024-01-15 06:18:00,42.03,1596,NL,pos,gaming,0
2024-01-18 19:59:00,78.91,1145,NL,web,electronics,0
2024-01-11 17:39:00,19.86,1490,DE,web,fashion,0
2024-01-05 09:14:00,2.95,1997,US,app,grocery,0
2024-01-06 18:27:00,56.13,1823,ES,web,gaming,0
2024-01-25 17:45:00,55.37,1030,PL,app,grocery,0
2024-01-10 13:28:00,60.25,1591,AT,web,grocery,0
2024-01-10 07:26:00,140.52,1597,DE,app,electronics,0
2024-01-28 16:49:00,165.63,1068,NL,app,electronics,0
2024-01-05 07:35:00,103.83,1650,PL,web,fashion,0
2024-01-28 10:59:00,133.61,1521,FR,app,other,0
2024-01-28 15:05:00,43.13,1681,DE,app,fashion,0
2024-01-18 22:57:00,34.22,1297,US,pos,fashion,0
2024-01-05 23:10:00,119.78,1255,DE,app,gaming,0
2024-01-05 16:13:00,29.83,1735,CH,app,travel,0
2024-01-09 12:59:00,26.64,1721,ES,app,electronics,0
2024-01-18 07:44:00,437.33,1161,DE,app,other,0
2024-01-05 14:36:00,86.85,1216,DE,web,gaming,0
2024-01-14 16:04:00,55.4,1586,DE,app,gaming,0
2024-01-04 11:09:00,50.17,1829,GB,web,grocery,0
2024-01-17 05:00:00,20.48,1201,CH,web,travel,0
2024-01-01 15:13:00,102.22,1219,NL,app,fashion,0
2024-01-22 06:30:00,64.94,1807,GB,pos,travel,0
2024-01-02 15:53:00,162.39,1696,NL,pos,gaming,0
2024-01-06 20:16:00,122.5,1902,IT,app,fashion,0
2024-01-06 05:44:00,63.14,1783,IT,app,grocery,0
2024-01-25 22:18:00,9.76,1953,FR,app,other,0
2024-01-02 14:26:00,87.03,1188,ES,app,fashion,0
2024-01-13 21:04:00,81.13,1271,GB,web,travel,0
2024-01-18 17:37:00,7.26,1237,PL,web,fashion,0
2024-01-16 11:31:00,112.48,1055,FR,web,grocery,0
2024-01-21 10:06:00,28.84,1779,CH,app,electronics,0
2024-01-25 02:13:00,168.28,1661,US,app,grocery,0
2024-01-12 19:24:00,77.33,1085,DE,pos,gaming,0
2024-01-25 20:19:00,48.95,1198,US,pos,other,0
2024-01-10 12:57:00,96.57,1190,AT,app,gaming,0
2024-01-30 12:47:00,92.14,1402,PL,web,fashion,0
2024-01-16 03:15:00,89.59,1455,US,web,grocery,0
2024-01-23 01:55:00,153.13,1288,IT,web,other,0
2024-01-27 06:00:00,101.02,1930,DE,web,electronics,0
2024-01-24 18:42:00,45.23,1212,US,pos,gaming,0
2024-01-26 12:48:00,66.55,1561,FR,app,fashion,0
2024-01-17 02:17:00,210.41,1437,CH,app,other,0
2024-01-02 07:18:00,41.7,1387,IT,pos,other,0
2024-01-15 19:01:00,111.16,1825,FR,app,gaming,0
2024-01-06 10:40:00,157.08,1978,NL,app,gaming,1
2024-01-27 16:09:00,119.08,1005,DE,web,travel,0
2024-01-08 02:27:00,87.45,1463,FR,web,gaming,0
2024-01-07 20:12:00,98.0,1119,US,web,fashion,0
2024-01-08 11:33:00,124.55,1433,DE,web,gaming,0
2024-01-20 06:38:00,41.26,1617,FR,web,gaming,0
2024-01-18 03:17:00,81.54,1411,NL,app,travel,0
2024-01-29 11:09:00,322.32,1309,US,web,electronics,0
2024-01-13 11:42:00,113.67,1312,ES,web,grocery,0
2024-01-09 11:14:00,89.82,1299,US,pos,travel,0
2024-01-02 11:27:00,61.24,1325,AT,app,travel,0
2024-01-01 05:05:00,41.67,1373,FR,app,gaming,0
2024-01-12 05:00:00,100.46,1687,GB,web,other,0
2024-01-28 18:35:00,105.67,1096,US,app,fashion,0
2024-01-16 17:06:00,77.35,1040,ES,app,fashion,0
2024-01-27 19:21:00,408.09,1516,IT,pos,gaming,0
2024-01-04 01:12:00,44.98,1681,FR,web,other,0
2024-01-03 19:11:00,36.09,1258,DE,app,other,0
2024-01-26 00:05:00,61.96,1201,US,app,grocery,0
2024-01-04 04:51:00,79.3,1624,US,app,gaming,0
2024-01-02 13:24:00,39.75,1384,FR,web,gaming,0
2024-01-13 02:56:00,98.67,1736,AT,web,other,0
2024-01-28 17:53:00,106.69,1146,CH,app,gaming,0
2024-01-21 16:21:00,135.16,1121,DE,app,grocery,0
2024-01-03 23:21:00,54.0,1552,PL,app,electronics,0
2024-01-26 02:44:00,198.7,1392,ES,app,grocery,0
2024-01-26 07:22:00,128.8,1729,AT,app,electronics,0
2024-01-25 00:30:00,44.18,1506,ES,web,grocery,0
2024-01-28 01:54:00,39.59,1354,GB,app,fashion,0
2024-01-08 04:42:00,65.45,1159,DE,app,travel,0
2024-01-30 09:17:00,106.89,1163,FR,web,fashion,0
2024-01-10 14:54:00,118.4,1755,IT,web,other,0
2024-01-25 01:27:00,128.63,1226,DE,app,gaming,0
2024-01-18 09:08:00,308.93,1502,IT,app,travel,0
2024-01-24 09:13:00,13.91,1818,ES,app,electronics,0
2024-01-19 20:01:00,75.72,1897,DE,app,fashion,0
2024-01-20 06:35:00,292.2,1267,DE,web,gaming,0
2024-01-19 11:43:00,139.54,1109,US,app,fashion,0
2024-01-24 08:52:00,34.05,1774,CH,web,grocery,0
2024-01-23 04:06:00,95.01,1687,NL,web,grocery,0
2024-01-05 00:52:00,72.23,1331,ES,app,grocery,0
2024-01-25 18:45:00,70.2,1593,US,app,fashion,0
2024-01-17 01:58:00,53.13,1188,PL,app,gaming,0
2024-01-10 16:37:00,89.33,1700,US,app,electronics,0
2024-01-16 10:14:00,174.38,1727,ES,web,electronics,0
2024-01-30 00:13:00,57.22,1299,FR,app,gaming,0
2024-01-26 17:27:00,129.31,1468,FR,pos,other,0
2024-01-26 00:15:00,145.47,1334,FR,web,other,0
2024-01-14 21:12:00,197.61,1031,FR,web,travel,0
2024-01-24 12:34:00,38.98,1127,DE,web,fashion,0
2024-01-12 13:15:00,84.06,1959,FR,web,grocery,0
2024-01-21 14:02:00,48.06,1456,FR,pos,other,0
2024-01-20 04:29:00,89.46,1147,DE,pos,grocery,0
2024-01-08 11:51:00,89.01,1044,AT,app,travel,0
2024-01-08 23:51:00,30.6,1353,PL,app,fashion,0
2024-01-02 20:00:00,93.46,1982,ES,app,other,0
2024-01-05 04:37:00,319.04,1384,US,app,electronics,0
2024-01-14 00:12:00,118.73,1999,IT,web,gaming,0
2024-01-15 08:04:00,24.81,1489,US,app,electronics,0
2024-01-05 22:53:00,36.81,1763,PL,web,grocery,0
2024-01-13 12:09:00,80.83,1785,DE,web,travel,0
2024-01-19 03:00:00,37.6,1028,GB,app,gaming,0
2024-01-07 23:27:00,190.54,1006,DE,web,electronics,0
2024-01-11 03:31:00,21.86,1922,ES,app,other,0
2024-01-12 00:36:00,119.32,1932,PL,web,gaming,0
2024-01-16 03:38:00,17.24,1132,CH,web,travel,0
2024-01-11 23:48:00,79.85,1645,ES,app,travel,0
2024-01-23 02:36:00,32.73,1923,FR,web,travel,0
2024-01-10 19:47:00,134.95,1950,DE,app,grocery,0
2024-01-14 00:24:00,169.46,1296,DE,web,gaming,0
2024-01-12 09:12:00,106.65,1817,DE,web,fashion,0
2024-01-06 11:41:00,174.78,1646,DE,web,travel,0
2024-01-21 13:44:00,4.8,1927,ES,web,travel,0
2024-01-08 01:31:00,92.58,1146,IT,pos,other,0
2024-01-09 21:45:00,118.12,1601,FR,web,gaming,0
2024-01-24 18:46:00,129.1,1024,NL,web,electronics,0
2024-01-29 11:10:00,113.2,1357,DE,web,grocery,0
2024-01-21 03:00:00,131.08,1011,AT,web,fashion,0
2024-01-28 11:46:00,91.79,1442,PL,web,gaming,0
2024-01-26 15:01:00,25.06,1811,GB,pos,gaming,0
2024-01-15 10:15:00,52.8,1658,FR,app,electronics,0
2024-01-24 02:36:00,191.2,1316,DE,app,electronics,0
2024-01-10 20:25:00,176.94,1426,PL,app,travel,0
2024-01-14 19:33:00,116.58,1367,US,app,fashion,0
2024-01-17 01:30:00,136.95,1731,FR,app,electronics,0
2024-01-29 19:33:00,163.04,1266,AT,app,gaming,0
2024-01-26 10:57:00,115.62,1091,DE,web,other,0
2024-01-15 16:15:00,187.57,1506,ES,app,electronics,0
2024-01-20 13:51:00,183.42,1829,GB,app,electronics,0
2024-01-07 01:41:00,384.11,1477,NL,web,electronics,0
2024-01-25 03:09:00,54.68,1204,CH,app,other,0
2024-01-17 14:11:00,55.53,1046,NL,web,gaming,1
2024-01-16 23:33:00,109.52,1943,US,web,other,0
2024-01-23 23:43:00,281.09,1760,IT,pos,other,0
2024-01-19 23:42:00,197.53,1155,US,web,travel,1
2024-01-03 04:10:00,148.87,1073,FR,app,grocery,0
2024-01-09 15:28:00,206.59,1129,CH,app,electronics,0
2024-01-06 07:14:00,119.64,1376,ES,pos,gaming,0
2024-01-23 01:07:00,66.08,1811,FR,web,travel,0
2024-01-02 01:18:00,326.77,1159,GB,web,grocery,0
2024-01-07 01:43:00,113.45,1818,IT,web,other,0
2024-01-18 22:09:00,180.73,1001,FR,app,electronics,0
2024-01-21 20:15:00,4.74,1738,FR,web,gaming,1
2024-01-16 02:22:00,6.48,1282,IT,web,other,0
2024-01-26 19:43:00,94.76,1960,FR,pos,gaming,0
2024-01-28 13:38:00,37.61,1475,PL,app,fashion,0
2024-01-04 23:06:00,101.32,1270,FR,web,grocery,0
2024-01-29 13:48:00,55.46,1242,FR,app,fashion,0
2024-01-19 10:21:00,420.02,1826,ES,pos,other,0
2024-01-20 02:04:00,171.09,1402,DE,app,other,0
2024-01-03 20:28:00,219.96,1352,NL,web,grocery,0
2024-01-19 15:44:00,8.62,1735,IT,app,electronics,1
2024-01-22 18:30:00,147.48,1537,FR,web,grocery,0
2024-01-18 10:10:00,72.46,1663,PL,web,other,0
2024-01-03 12:50:00,222.75,1445,PL,app,electronics,0
2024-01-16 16:43:00,132.86,1064,US,pos,gaming,0
2024-01-29 01:52:00,80.95,1005,FR,pos,travel,0
2024-01-22 16:51:00,27.85,1039,CH,pos,fashion,0
2024-01-05 02:56:00,93.4,1574,PL,app,other,0
2024-01-29 19:09:00,188.3,1513,ES,web,electronics,0
2024-01-29 18:23:00,231.31,1747,NL,web,fashion,0
2024-01-06 01:57:00,62.6,1894,ES,web,electronics,0
2024-01-25 00:38:00,376.89,1174,PL,web,electronics,0
2024-01-13 04:50:00,178.49,1957,DE,web,grocery,0
2024-01-18 19:27:00,38.34,1931,ES,app,travel,0
2024-01-14 08:32:00,30.56,1615,DE,web,gaming,0
2024-01-24 11:29:00,76.14,1530,FR,app,fashion,0
2024-01-30 21:35:00,62.47,1176,NL,app,other,0
2024-01-24 20:28:00,120.32,1178,IT,app,gaming,0
2024-01-28 22:35:00,86.12,1018,FR,app,travel,0
2024-01-29 09:08:00,66.88,1645,US,web,electronics,0
2024-01-03 16:52:00,18.38,1433,PL,web,other,0
2024-01-08 14:26:00,135.75,1191,IT,app,travel,0
2024-01-22 15:44:00,16.65,1133,GB,web,fashion,0
2024-01-18 16:51:00,178.88,1063,FR,pos,gaming,0
2024-01-02 12:06:00,10.03,1640,PL,pos,other,0
2024-01-03 20:26:00,15.55,1685,DE,pos,other,0
2024-01-16 14:47:00,38.17,1631,AT,pos,fashion,0
2024-01-19 11:38:00,57.94,1110,CH,web,gaming,0
2024-01-06 00:45:00,48.28,1041,DE,pos,grocery,0
2024-01-06 03:19:00,57.73,1106,IT,pos,grocery,0
2024-01-04 21:07:00,102.83,1751,DE,app,gaming,0
2024-01-17 22:45:00,39.0,1739,NL,pos,fashion,0
2024-01-01 05:39:00,103.54,1294,DE,web,fashion,0
2024-01-18 04:08:00,4.85,1055,DE,web,electronics,0
2024-01-15 06:40:00,37.65,1319,GB,pos,gaming,0
2024-01-14 23:30:00,14.66,1809,NL,app,other,0
2024-01-21 09:04:00,177.48,1143,GB,web,grocery,0
2024-01-16 16:17:00,43.9,1796,IT,web,travel,0
2024-01-22 19:58:00,129.78,1463,DE,web,other,0
2024-01-23 22:01:00,11.68,1141,ES,pos,electronics,0
2024-01-28 14:29:00,228.75,1933,ES,pos,electronics,0
2024-01-24 23:27:00,90.02,1518,DE,web,travel,0
2024-01-16 12:44:00,82.25,1671,US,pos,fashion,0
2024-01-15 18:21:00,18.63,1096,ES,app,electronics,0
2024-01-08 01:42:00,33.37,1371,PL,pos,fashion,0
2024-01-18 23:42:00,68.63,1632,IT,app,electronics,0
2024-01-05 04:10:00,34.62,1645,ES,web,travel,0
2024-01-28 22:29:00,165.53,1062,AT,app,gaming,0
2024-01-26 08:25:00,87.94,1604,GB,web,grocery,0
2024-01-04 14:12:00,35.03,1944,FR,app,fashion,0
2024-01-24 13:53:00,148.2,1786,DE,app,fashion,0
2024-01-04 12:18:00,61.34,1207,DE,web,other,0
2024-01-22 15:16:00,143.48,1912,NL,web,electronics,0
2024-01-03 15:09:00,53.35,1682,GB,app,travel,0
2024-01-15 15:29:00,123.37,1056,US,web,other,1
2024-01-20 17:39:00,59.54,1128,NL,app,grocery,0
2024-01-22 20:44:00,165.57,1921,GB,app,travel,0
2024-01-13 13:23:00,12.01,1209,PL,app,travel,0
2024-01-28 15:34:00,25.61,1096,CH,web,travel,0
2024-01-24 05:30:00,73.75,1450,ES,web,travel,0
2024-01-07 05:57:00,45.7,1525,DE,web,fashion,0
2024-01-21 03:17:00,58.01,1573,AT,pos,electronics,0
2024-01-22 21:59:00,133.78,1658,FR,web,other,0
2024-01-11 00:13:00,56.98,1998,DE,web,other,0
2024-01-23 03:31:00,106.33,1759,GB,pos,electronics,0
2024-01-27 22:49:00,37.4,1025,GB,app,other,0
2024-01-25 12:19:00,8.96,1088,FR,app,electronics,0
2024-01-23 21:01:00,142.85,1000,NL,app,grocery,0
2024-01-20 00:50:00,264.18,1395,FR,web,travel,0
2024-01-09 02:47:00,98.17,1350,DE,web,fashion,0
2024-01-24 20:33:00,77.03,1933,CH,app,other,0
2024-01-11 22:13:00,90.44,1366,AT,pos,gaming,0
2024-01-16 23:10:00,207.65,1030,CH,pos,fashion,0
2024-01-10 10:23:00,99.06,1883,DE,app,electronics,0
2024-01-10 09:22:00,147.82,1260,DE,app,other,0
2024-01-05 17:28:00,143.2,1912,DE,app,gaming,0
2024-01-29 20:08:00,175.42,1774,GB,app,grocery,0
2024-01-05 10:24:00,75.7,1880,DE,pos,grocery,0
2024-01-03 14:06:00,52.73,1819,CH,web,electronics,0
2024-01-29 02:00:00,124.38,1143,IT,app,grocery,0
2024-01-17 15:36:00,166.87,1626,FR,web,electronics,0
2024-01-14 03:17:00,189.24,1412,IT,app,other,0
2024-01-23 02:59:00,225.21,1628,DE,web,electronics,0
2024-01-12 11:59:00,156.49,1745,NL,web,gaming,0
2024-01-04 20:06:00,50.23,1500,ES,web,other,0
2024-01-22 21:22:00,98.08,1312,NL,web,electronics,1
2024-01-06 06:43:00,91.58,1916,ES,pos,fashion,0
2024-01-17 14:09:00,84.04,1663,FR,app,travel,0
2024-01-29 11:19:00,124.56,1885,FR,web,electronics,1
2024-01-29 02:01:00,70.2,1237,AT,app,other,0
2024-01-11 19:45:00,70.28,1838,IT,app,gaming,0
2024-01-24 09:49:00,274.99,1323,DE,pos,travel,0
2024-01-19 09:07:00,78.9,1460,CH,web,fashion,1
2024-01-15 09:08:00,174.54,1860,NL,app,other,0
2024-01-05 04:44:00,181.6,1354,DE,web,fashion,0
2024-01-12 06:58:00,100.15,1250,DE,web,other,0
2024-01-20 13:22:00,72.54,1915,NL,pos,electronics,0
2024-01-30 14:22:00,38.85,1964,FR,web,travel,0
2024-01-01 03:31:00,16.36,1311,US,app,electronics,0
2024-01-22 12:47:00,131.08,1306,GB,web,fashion,0
2024-01-26 09:21:00,112.52,1227,GB,app,fashion,0
2024-01-29 12:51:00,145.2,1023,FR,app,gaming,0
2024-01-13 17:08:00,55.68,1552,AT,web,gaming,0
2024-01-04 13:18:00,293.65,1254,ES,web,fashion,0
2024-01-09 03:05:00,119.94,1849,ES,app,electronics,1
2024-01-26 12:23:00,76.54,1171,ES,web,travel,0
2024-01-27 08:06:00,8.2,1635,CH,web,fashion,0
2024-01-20 02:41:00,61.13,1506,DE,web,grocery,0
2024-01-04 16:22:00,150.12,1611,DE,app,other,0
2024-01-04 15:47:00,221.27,1112,DE,app,electronics,0
2024-01-15 08:17:00,86.34,1466,DE,app,fashion,0
2024-01-18 15:32:00,245.93,1626,GB,app,gaming,0
2024-01-01 23:18:00,36.13,1340,DE,app,other,0
2024-01-21 13:59:00,115.05,1874,ES,app,fashion,0
2024-01-17 08:02:00,117.45,1529,GB,app,gaming,0
2024-01-01 08:51:00,131.84,1362,FR,app,fashion,0
2024-01-03 20:53:00,95.71,1030,IT,pos,travel,0
2024-01-14 15:06:00,110.45,1168,NL,web,gaming,0
2024-01-22 16:15:00,35.32,1476,CH,app,other,0
2024-01-25 18:17:00,207.01,1400,IT,pos,grocery,0
2024-01-13 22:32:00,162.74,1871,US,app,travel,0
2024-01-09 20:39:00,107.25,1785,PL,web,grocery,0
2024-01-30 01:11:00,165.41,1158,US,pos,gaming,0
2024-01-14 18:09:00,211.52,1591,GB,web,fashion,0
2024-01-10 11:04:00,130.47,1454,FR,app,grocery,0
2024-01-14 06:27:00,314.77,1101,PL,app,gaming,0
2024-01-01 08:42:00,138.35,1665,ES,web,travel,0
2024-01-10 01:23:00,40.71,1537,NL,web,fashion,0
2024-01-16 11:11:00,103.26,1087,PL,web,electronics,0
2024-01-28 13:16:00,169.93,1468,PL,web,grocery,0
2024-01-23 03:31:00,211.66,1731,US,app,grocery,0
2024-01-24 10:31:00,97.26,1327,CH,web,travel,0
2024-01-17 08:19:00,37.79,1356,NL,app,travel,0
2024-01-04 07:37:00,71.28,1110,AT,pos,other,0
2024-01-12 17:28:00,23.56,1204,ES,web,travel,0
2024-01-30 21:51:00,148.61,1981,PL,web,electronics,0
2024-01-02 07:48:00,60.49,1620,PL,web,fashion,0
2024-01-27 09:01:00,46.74,1176,FR,app,grocery,0
2024-01-21 12:50:00,158.97,1482,IT,app,travel,0
2024-01-09 12:24:00,242.63,1192,CH,web,gaming,0
2024-01-24 08:09:00,46.56,1442,DE,web,electronics,0
2024-01-26 02:33:00,97.74,1145,AT,web,gaming,0
2024-01-02 07:07:00,73.72,1618,GB,pos,travel,0
2024-01-04 04:37:00,218.33,1570,CH,app,other,0
2024-01-20 23:20:00,80.62,1633,GB,app,electronics,0
2024-01-30 23:21:00,34.51,1443,AT,web,other,0
2024-01-01 17:15:00,83.68,1285,PL,app,gaming,0
2024-01-20 23:17:00,188.1,1249,ES,app,fashion,0
2024-01-05 02:17:00,70.27,1215,NL,pos,electronics,0
2024-01-20 12:05:00,50.98,1429,NL,pos,grocery,0
2024-01-19 16:47:00,77.79,1451,NL,pos,fashion,0
2024-01-03 17:07:00,35.57,1673,GB,app,travel,0
2024-01-21 10:07:00,73.64,1052,ES,app,electronics,0
2024-01-27 21:51:00,54.38,1281,DE,web,other,0
2024-01-26 21:40:00,352.84,1852,AT,pos,electronics,0
2024-01-01 20:52:00,11.05,1915,NL,app,travel,0
2024-01-08 09:03:00,40.55,1930,IT,app,fashion,0
2024-01-08 05:23:00,50.95,1306,IT,app,other,0
2024-01-14 14:22:00,35.8,1137,ES,web,other,0
2024-01-05 06:58:00,115.87,1198,FR,web,gaming,0
2024-01-26 15:07:00,45.82,1131,PL,web,grocery,0
2024-01-24 07:16:00,20.94,1954,PL,app,grocery,0
2024-01-25 06:00:00,91.24,1883,PL,web,fashion,0
2024-01-06 22:42:00,67.01,1810,PL,web,gaming,0
2024-01-01 10:29:00,47.77,1729,US,app,grocery,0
2024-01-28 07:39:00,214.64,1343,ES,app,fashion,0
2024-01-09 16:00:00,118.74,1475,GB,web,other,0
2024-01-20 16:30:00,109.22,1841,DE,app,grocery,0
2024-01-28 06:47:00,120.67,1814,NL,pos,fashion,0
2024-01-02 02:02:00,116.21,1518,PL,web,travel,0
2024-01-01 03:56:00,69.83,1837,IT,app,travel,0
2024-01-01 03:54:00,46.25,1346,AT,web,fashion,0
2024-01-05 16:33:00,92.78,1413,ES,web,electronics,0
2024-01-02 13:11:00,68.79,1839,FR,app,grocery,0
2024-01-25 14:23:00,10.85,1376,GB,web,other,0
2024-01-19 04:15:00,32.89,1752,FR,app,travel,0
2024-01-30 09:38:00,61.89,1453,DE,app,electronics,0
2024-01-25 01:04:00,161.36,1297,ES,web,fashion,0
2024-01-29 21:29:00,93.09,1218,FR,web,electronics,0
2024-01-08 03:45:00,39.16,1606,DE,app,fashion,0
2024-01-09 15:12:00,30.19,1479,ES,app,grocery,0
2024-01-26 11:34:00,185.74,1369,IT,web,gaming,0
2024-01-08 08:18:00,72.47,1743,DE,app,travel,0
2024-01-02 17:12:00,1.48,1001,ES,pos,other,0
2024-01-21 01:46:00,76.23,1092,ES,web,gaming,0
2024-01-25 00:41:00,137.77,1961,PL,pos,other,0
2024-01-30 01:06:00,29.27,1663,FR,app,electronics,0
2024-01-28 20:00:00,87.77,1549,AT,pos,travel,0
2024-01-04 14:33:00,94.23,1014,GB,app,fashion,0
2024-01-24 03:55:00,31.05,1598,ES,app,grocery,0
2024-01-26 09:12:00,197.41,1434,DE,app,other,0
2024-01-21 22:38:00,95.48,1599,US,app,fashion,0
2024-01-25 14:15:00,61.62,1041,DE,pos,fashion,0
2024-01-26 03:20:00,72.86,1550,PL,web,electronics,0
2024-01-14 09:30:00,25.46,1577,NL,web,fashion,0
2024-01-02 04:54:00,24.38,1290,GB,web,other,0
2024-01-14 16:27:00,56.91,1054,GB,web,electronics,0
2024-01-07 01:16:00,59.94,1971,AT,web,gaming,0
2024-01-04 09:53:00,69.06,1709,PL,pos,grocery,0
2024-01-04 17:56:00,209.36,1621,CH,web,travel,0
2024-01-21 22:06:00,132.51,1767,ES,web,grocery,0
2024-01-16 03:15:00,13.22,1670,ES,app,gaming,0
2024-01-17 04:41:00,182.89,1134,DE,pos,gaming,0
2024-01-23 08:32:00,56.53,1454,DE,app,gaming,0
2024-01-17 10:45:00,141.7,1888,DE,app,fashion,0
2024-01-19 21:36:00,60.42,1287,DE,pos,other,0
2024-01-03 13:56:00,90.9,1972,AT,app,electronics,0
2024-01-26 12:48:00,27.47,1064,GB,app,electronics,0
2024-01-14 11:07:00,106.62,1330,IT,app,electronics,0
2024-01-05 15:45:00,153.24,1350,PL,web,other,0
2024-01-25 09:35:00,16.47,1617,US,pos,grocery,0
2024-01-23 00:55:00,154.91,1176,PL,pos,grocery,0
2024-01-02 14:10:00,46.08,1229,FR,web,grocery,0
2024-01-06 18:59:00,255.39,1662,US,pos,fashion,0
2024-01-01 11:20:00,143.56,1284,PL,web,gaming,0
2024-01-09 02:56:00,126.38,1879,PL,pos,other,0
2024-01-03 23:59:00,73.2,1870,GB,app,electronics,0
2024-01-22 07:07:00,395.34,1302,ES,web,travel,0
2024-01-16 16:14:00,56.84,1559,IT,app,gaming,0
2024-01-30 09:44:00,33.63,1332,US,app,grocery,0
2024-01-23 11:35:00,47.53,1344,FR,web,other,0
2024-01-19 08:18:00,172.82,1670,US,app,fashion,0
2024-01-16 06:42:00,89.58,1293,DE,web,grocery,0
2024-01-02 15:14:00,79.74,1149,DE,web,other,0
2024-01-03 02:32:00,57.56,1259,IT,app,travel,0
2024-01-19 11:44:00,76.52,1929,DE,web,travel,0
2024-01-01 03:09:00,54.25,1259,GB,web,other,1
2024-01-02 06:29:00,134.99,1363,DE,pos,gaming,0
2024-01-07 13:46:00,67.79,1628,PL,app,electronics,0
2024-01-27 12:35:00,48.31,1101,AT,pos,fashion,0
2024-01-14 18:25:00,162.92,1268,GB,pos,fashion,0
2024-01-22 06:53:00,34.66,1174,FR,web,electronics,0
2024-01-13 08:19:00,90.55,1924,DE,app,fashion,0
2024-01-06 04:39:00,10.76,1932,DE,web,gaming,0
2024-01-12 03:13:00,22.33,1755,ES,pos,electronics,0
2024-01-03 18:02:00,61.95,1247,GB,app,travel,0
2024-01-24 02:34:00,53.41,1616,GB,pos,other,0
2024-01-06 12:08:00,53.34,1662,CH,pos,electronics,0
2024-01-12 06:59:00,144.49,1869,IT,web,fashion,1
2024-01-30 09:37:00,150.47,1156,DE,web,fashion,0
2024-01-18 18:12:00,104.16,1736,IT,web,other,0
2024-01-14 18:09:00,32.92,1194,ES,web,electronics,0
2024-01-17 06:58:00,76.05,1568,AT,pos,electronics,0
2024-01-24 12:32:00,279.51,1879,ES,app,other,0
2024-01-08 15:13:00,370.23,1062,US,app,travel,0
2024-01-20 02:12:00,164.02,1148,DE,app,gaming,0
2024-01-27 04:20:00,34.17,1813,AT,pos,gaming,0
2024-01-18 04:08:00,76.58,1018,DE,app,gaming,0
2024-01-14 09:30:00,99.13,1685,DE,pos,gaming,0
2024-01-05 08:29:00,88.3,1501,DE,web,travel,0
2024-01-08 10:46:00,176.0,1346,ES,app,travel,0
2024-01-29 09:08:00,140.06,1862,DE,pos,travel,0
2024-01-17 05:42:00,32.43,1848,PL,web,gaming,0
2024-01-10 00:58:00,49.34,1325,US,app,fashion,0
2024-01-13 13:13:00,163.54,1004,GB,app,gaming,0
2024-01-18 08:10:00,214.03,1128,NL,app,fashion,0
2024-01-17 03:02:00,100.05,1107,DE,app,travel,0
2024-01-21 23:50:00,232.0,1982,DE,app,fashion,0
2024-01-08 17:23:00,91.75,1596,AT,web,travel,0
2024-01-20 11:26:00,38.08,1676,GB,app,travel,0
2024-01-14 06:43:00,131.22,1230,GB,app,grocery,0
2024-01-29 05:13:00,477.92,1850,FR,app,electronics,0
2024-01-05 17:42:00,25.67,1722,CH,web,fashion,0
2024-01-05 10:52:00,226.16,1752,IT,pos,grocery,0
2024-01-14 20:23:00,126.0,1468,AT,app,electronics,0
2024-01-16 06:00:00,46.8,1698,GB,app,fashion,0
2024-01-21 17:25:00,11.1,1544,AT,web,other,0
2024-01-13 02:54:00,6.21,1384,FR,pos,travel,0
2024-01-28 09:52:00,53.24,1594,FR,web,travel,0
2024-01-15 05:24:00,111.63,1324,DE,pos,gaming,0
2024-01-04 21:07:00,155.37,1952,FR,pos,fashion,0
2024-01-04 13:50:00,180.79,1716,US,web,travel,0
2024-01-30 04:51:00,104.5,1738,DE,pos,electronics,0
2024-01-05 00:32:00,92.82,1716,ES,app,travel,0
2024-01-29 10:27:00,63.66,1448,FR,pos,electronics,0
2024-01-09 08:12:00,113.62,1950,DE,pos,fashion,0
2024-01-03 19:15:00,47.44,1207,DE,pos,grocery,0
2024-01-10 03:23:00,27.08,1568,AT,web,gaming,0
2024-01-19 10:34:00,88.51,1069,DE,web,grocery,0
2024-01-13 20:05:00,147.18,1294,FR,app,other,0
2024-01-24 13:37:00,21.52,1574,US,web,gaming,0
2024-01-19 07:54:00,53.25,1489,PL,app,grocery,0
2024-01-13 00:33:00,86.02,1941,GB,web,other,0
2024-01-20 00:55:00,84.63,1613,FR,web,gaming,0
2024-01-30 03:27:00,123.6,1411,NL,app,gaming,0
2024-01-13 08:30:00,274.25,1426,NL,app,grocery,0
2024-01-05 14:28:00,6.3,1611,DE,app,electronics,0
2024-01-13 06:19:00,282.43,1791,CH,web,fashion,0
2024-01-26 04:52:00,266.2,1276,IT,web,travel,0
2024-01-07 12:41:00,157.17,1584,PL,web,gaming,0
2024-01-29 11:22:00,98.67,1574,FR,app,other,0
2024-01-18 15:34:00,48.27,1009,AT,pos,travel,0
2024-01-19 01:07:00,155.83,1912,GB,web,travel,0
2024-01-10 12:16:00,102.51,1569,DE,app,fashion,0
2024-01-28 14:43:00,64.79,1242,GB,app,grocery,0
2024-01-02 01:57:00,153.02,1633,US,web,travel,0
2024-01-09 23:02:00,171.81,1677,US,app,other,0
2024-01-13 13:14:00,212.9,1915,PL,app,electronics,0
2024-01-15 07:38:00,43.66,1034,DE,app,electronics,0
2024-01-15 05:22:00,194.58,1413,NL,app,travel,0
2024-01-05 10:30:00,65.79,1180,PL,app,grocery,0
2024-01-07 18:25:00,98.87,1574,PL,app,grocery,0
2024-01-03 20:34:00,113.69,1501,AT,pos,electronics,0
2024-01-18 04:10:00,183.89,1474,DE,web,other,0
2024-01-11 12:37:00,142.17,1982,CH,web,electronics,0
2024-01-17 23:21:00,63.9,1531,IT,web,fashion,0
2024-01-18 16:35:00,7.62,1411,ES,web,travel,0
2024-01-22 01:26:00,122.54,1067,US,app,fashion,0
2024-01-17 09:51:00,95.81,1289,PL,app,electronics,0
2024-01-20 10:31:00,25.33,1897,NL,app,other,0
2024-01-18 14:44:00,104.57,1451,AT,web,travel,0
2024-01-20 13:45:00,85.18,1910,IT,web,fashion,0
2024-01-19 11:59:00,211.49,1532,CH,app,fashion,0
2024-01-10 11:40:00,295.26,1548,AT,web,travel,0
2024-01-08 09:19:00,168.87,1429,DE,pos,fashion,0
2024-01-24 14:57:00,81.36,1556,CH,app,grocery,0
2024-01-11 06:44:00,91.26,1066,AT,web,travel,0
2024-01-17 11:23:00,42.27,1057,ES,web,travel,0
2024-01-06 21:49:00,49.83,1475,DE,web,other,0
2024-01-13 22:37:00,77.67,1597,AT,web,other,0
2024-01-16 21:21:00,71.33,1550,DE,web,fashion,0
2024-01-19 18:43:00,23.83,1429,NL,app,other,0
2024-01-16 18:59:00,212.98,1294,ES,web,other,0
2024-01-11 19:40:00,233.36,1709,CH,pos,fashion,0
2024-01-29 20:28:00,208.36,1604,DE,app,gaming,1
2024-01-16 09:10:00,238.7,1047,GB,pos,electronics,0
2024-01-25 05:58:00,352.43,1452,ES,app,fashion,0
2024-01-23 02:25:00,43.0,1710,NL,web,electronics,0
2024-01-17 17:59:00,342.53,1784,IT,web,electronics,0
2024-01-27 14:12:00,63.57,1286,US,web,other,0
2024-01-04 20:21:00,136.07,1924,US,pos,grocery,0
2024-01-28 15:09:00,18.03,1651,FR,app,grocery,0
2024-01-26 12:09:00,56.9,1437,NL,web,gaming,0
2024-01-16 02:36:00,172.23,1627,AT,web,gaming,1
2024-01-23 00:02:00,140.77,1871,NL,pos,grocery,0
2024-01-16 14:35:00,62.55,1226,FR,web,travel,0
2024-01-09 01:30:00,91.23,1150,DE,pos,electronics,0
2024-01-24 23:54:00,51.84,1440,GB,pos,electronics,0
2024-01-08 09:03:00,171.9,1083,US,app,electronics,0
2024-01-10 10:24:00,222.65,1835,AT,pos,fashion,0
2024-01-16 13:53:00,43.18,1970,GB,pos,travel,0
2024-01-26 02:54:00,84.19,1605,CH,app,other,0
2024-01-12 12:25:00,22.81,1979,FR,web,grocery,0
2024-01-15 19:46:00,102.22,1068,US,app,fashion,0
2024-01-02 05:59:00,125.97,1632,CH,web,other,0
2024-01-04 11:25:00,108.58,1442,FR,app,travel,0
2024-01-02 16:16:00,118.87,1277,NL,web,fashion,0
2024-01-03 03:52:00,77.3,1311,DE,web,travel,0
2024-01-27 01:20:00,78.77,1545,FR,web,gaming,0
2024-01-26 06:14:00,75.88,1641,CH,app,other,0
2024-01-25 15:45:00,55.43,1164,NL,web,gaming,0
2024-01-02 16:00:00,61.47,1614,DE,web,gaming,0
2024-01-03 07:54:00,121.84,1926,AT,web,other,0
2024-01-09 10:02:00,213.14,1010,PL,app,travel,0
2024-01-17 23:00:00,36.41,1878,DE,app,electronics,0
2024-01-11 00:34:00,78.54,1607,FR,web,fashion,0
2024-01-15 15:02:00,29.34,1342,PL,pos,fashion,0
2024-01-06 04:33:00,56.3,1734,PL,app,electronics,0
2024-01-22 22:09:00,64.57,1617,DE,web,fashion,0
2024-01-10 10:00:00,96.87,1768,US,app,grocery,0
2024-01-02 23:54:00,94.83,1081,PL,web,electronics,0
2024-01-23 06:44:00,83.6,1058,CH,app,other,0
2024-01-28 02:00:00,114.7,1642,PL,web,gaming,0
2024-01-01 10:34:00,39.81,1303,PL,app,gaming,0
2024-01-14 02:24:00,97.48,1238,ES,app,gaming,0
2024-01-25 19:33:00,143.64,1421,ES,app,grocery,0
2024-01-22 04:26:00,39.35,1725,PL,app,other,0
2024-01-26 16:42:00,14.21,1179,GB,web,electronics,0
2024-01-13 10:57:00,170.94,1973,ES,pos,fashion,0
2024-01-12 04:01:00,30.3,1420,US,web,other,0
2024-01-22 06:36:00,53.96,1150,PL,pos,electronics,0
2024-01-05 14:36:00,140.75,1071,US,web,gaming,0
2024-01-08 04:23:00,37.49,1857,GB,app,grocery,0
2024-01-19 00:36:00,162.88,1113,DE,app,gaming,0
2024-01-21 01:17:00,47.35,1418,DE,web,travel,0
2024-01-04 14:09:00,42.27,1668,ES,app,grocery,0
2024-01-16 05:59:00,29.48,1513,FR,pos,fashion,0
2024-01-11 22:44:00,47.73,1262,ES,web,other,0
2024-01-16 01:15:00,127.63,1107,PL,web,grocery,0
2024-01-29 18:04:00,53.96,1711,GB,web,other,0
2024-01-03 07:09:00,171.42,1490,FR,app,other,0
2024-01-30 20:44:00,86.25,1048,PL,web,gaming,0
2024-01-14 11:41:00,92.13,1181,DE,app,other,0
2024-01-24 03:54:00,41.1,1562,IT,app,electronics,0
2024-01-13 17:37:00,188.99,1168,DE,app,fashion,0
2024-01-10 07:53:00,144.46,1391,IT,app,fashion,0
2024-01-24 02:49:00,141.62,1124,IT,web,gaming,0
2024-01-21 15:07:00,73.83,1796,PL,app,other,0
2024-01-05 07:43:00,25.92,1630,NL,app,other,0
2024-01-22 03:53:00,95.89,1783,FR,pos,fashion,0
2024-01-23 14:12:00,123.79,1052,DE,pos,gaming,0
2024-01-12 15:14:00,124.67,1375,DE,web,other,0
2024-01-28 18:28:00,112.93,1267,GB,web,gaming,0
2024-01-20 05:26:00,109.55,1622,GB,web,gaming,0
2024-01-11 00:12:00,47.15,1821,CH,app,electronics,0
2024-01-01 07:43:00,49.21,1227,AT,web,electronics,0
2024-01-21 05:58:00,29.77,1769,FR,app,other,0
2024-01-07 06:31:00,172.79,1580,NL,web,travel,0
2024-01-23 16:41:00,286.47,1824,FR,pos,gaming,0
2024-01-16 18:03:00,472.2,1081,DE,web,fashion,0
2024-01-15 00:02:00,100.92,1990,FR,pos,electronics,0
2024-01-05 21:54:00,109.75,1434,AT,web,electronics,1
2024-01-22 08:17:00,76.19,1280,CH,web,grocery,0
2024-01-05 23:27:00,99.74,1182,DE,web,electronics,0
2024-01-13 12:46:00,37.35,1984,NL,web,gaming,0
2024-01-26 02:08:00,74.98,1883,IT,web,fashion,0
2024-01-28 14:39:00,42.59,1131,AT,app,electronics,0
2024-01-30 16:10:00,67.46,1444,ES,web,travel,0
2024-01-29 17:46:00,45.9,1733,IT,app,electronics,0
2024-01-17 16:17:00,123.84,1590,PL,web,fashion,0
2024-01-07 00:20:00,135.08,1189,GB,app,gaming,0
2024-01-26 04:07:00,107.3,1360,DE,web,grocery,0
2024-01-25 01:10:00,49.39,1368,US,app,gaming,0
2024-01-30 17:01:00,27.75,1288,NL,app,travel,0
2024-01-20 12:40:00,136.15,1960,NL,web,other,0
2024-01-05 05:56:00,85.9,1202,FR,app,electronics,0
2024-01-16 02:05:00,13.51,1706,CH,pos,other,0
2024-01-14 10:44:00,95.3,1911,DE,web,fashion,0
2024-01-26 06:55:00,110.35,1794,GB,app,grocery,0
2024-01-12 18:39:00,19.22,1799,ES,app,fashion,0
2024-01-10 20:35:00,125.38,1158,FR,pos,fashion,0
2024-01-03 09:38:00,22.55,1133,IT,web,travel,0
2024-01-26 01:31:00,44.82,1782,DE,web,grocery,0
2024-01-23 15:50:00,22.71,1746,DE,app,travel,0
2024-01-02 05:41:00,40.74,1741,ES,web,gaming,0
2024-01-14 00:19:00,28.0,1418,IT,pos,grocery,0
2024-01-15 09:23:00,172.04,1523,PL,app,travel,0
2024-01-15 01:54:00,70.71,1015,NL,app,fashion,0
2024-01-28 13:37:00,59.15,1291,ES,app,gaming,0
2024-01-05 12:29:00,183.26,1528,US,app,other,0
2024-01-10 04:34:00,176.89,1125,DE,web,electronics,0
2024-01-06 10:16:00,63.1,1130,NL,pos,fashion,0
2024-01-08 07:44:00,105.78,1045,PL,pos,travel,0
2024-01-28 05:06:00,52.71,1209,AT,web,electronics,0
2024-01-29 05:19:00,79.43,1992,DE,app,other,0
2024-01-02 08:08:00,33.13,1696,DE,pos,gaming,0
2024-01-19 23:06:00,117.2,1948,DE,app,gaming,0
2024-01-07 23:39:00,188.19,1257,IT,app,electronics,0
2024-01-06 18:38:00,166.17,1598,DE,web,other,0
2024-01-09 18:16:00,88.97,1891,NL,app,grocery,0
2024-01-06 19:57:00,11.98,1352,DE,pos,grocery,0
2024-01-15 16:56:00,50.66,1657,DE,pos,electronics,1
2024-01-30 20:50:00,79.35,1692,CH,web,gaming,0
2024-01-18 14:14:00,24.49,1832,DE,web,grocery,0
2024-01-22 16:44:00,20.34,1969,GB,app,fashion,0
2024-01-15 19:10:00,223.73,1615,CH,app,electronics,0
2024-01-01 10:00:00,153.03,1582,AT,web,fashion,0
2024-01-03 12:33:00,123.76,1868,DE,web,fashion,0
2024-01-09 01:35:00,140.93,1684,FR,pos,other,0
2024-01-08 07:26:00,28.91,1361,ES,app,electronics,0
2024-01-26 05:13:00,39.52,1630,PL,app,grocery,0
2024-01-26 07:23:00,101.14,1549,FR,app,fashion,0
2024-01-26 14:58:00,107.03,1228,ES,web,travel,0
2024-01-20 03:03:00,23.04,1515,IT,web,other,0
2024-01-17 16:26:00,95.91,1623,US,pos,electronics,0
2024-01-20 11:23:00,80.48,1903,ES,app,gaming,0
2024-01-13 04:54:00,162.55,1580,AT,web,grocery,0
2024-01-21 02:32:00,107.42,1164,NL,app,travel,0
2024-01-24 19:59:00,240.91,1987,US,app,grocery,0
2024-01-23 21:17:00,63.39,1578,FR,app,fashion,0
2024-01-19 09:57:00,30.85,1287,GB,web,gaming,0
2024-01-02 17:50:00,236.69,1754,US,web,grocery,0
2024-01-22 17:57:00,111.53,1384,DE,app,travel,0
2024-01-11 23:57:00,80.85,1370,PL,web,travel,0
2024-01-23 07:26:00,40.88,1839,ES,pos,fashion,0
2024-01-17 04:27:00,64.0,1867,IT,app,travel,0
2024-01-27 10:27:00,61.28,1523,IT,app,travel,0
2024-01-11 03:41:00,29.54,1373,US,web,fashion,0
2024-01-28 22:36:00,7.86,1863,ES,web,gaming,1
2024-01-26 08:01:00,60.1,1173,IT,pos,fashion,0
2024-01-10 22:23:00,143.44,1747,DE,app,other,0
2024-01-15 11:27:00,199.09,1584,FR,web,other,0
2024-01-16 22:34:00,166.92,1854,GB,pos,other,1
2024-01-24 01:24:00,173.58,1420,PL,app,fashion,0
2024-01-21 16:11:00,33.01,1832,DE,web,gaming,0
2024-01-26 13:27:00,102.55,1015,US,pos,gaming,0
2024-01-12 02:18:00,124.45,1758,US,app,electronics,0
2024-01-16 03:26:00,130.14,1069,IT,web,fashion,0
2024-01-13 22:13:00,79.46,1642,DE,pos,fashion,0
2024-01-28 06:52:00,93.5,1195,ES,app,other,0
2024-01-10 03:35:00,163.54,1963,DE,web,fashion,0
2024-01-18 14:43:00,121.27,1769,CH,web,travel,0
2024-01-04 14:31:00,137.54,1104,ES,pos,electronics,0
2024-01-26 12:11:00,57.84,1892,GB,pos,other,1
2024-01-12 12:38:00,132.52,1251,FR,pos,fashion,0
2024-01-11 05:13:00,92.58,1545,US,app,other,0
2024-01-18 11:42:00,152.39,1085,GB,web,gaming,0
2024-01-15 23:08:00,47.14,1105,DE,pos,gaming,0
2024-01-26 10:32:00,143.93,1241,AT,web,grocery,0
2024-01-16 22:36:00,64.71,1534,NL,web,grocery,0
2024-01-16 12:14:00,144.39,1542,PL,app,fashion,0
2024-01-04 03:35:00,103.04,1855,FR,pos,electronics,0
2024-01-01 15:47:00,87.54,1165,NL,app,grocery,0
2024-01-12 22:57:00,67.58,1749,ES,app,fashion,0
2024-01-30 22:42:00,81.11,1005,PL,pos,gaming,0
2024-01-28 12:28:00,60.22,1291,PL,pos,grocery,0
2024-01-19 20:51:00,66.46,1175,DE,pos,travel,0
2024-01-19 22:11:00,118.97,1123,DE,web,travel,0
2024-01-12 17:52:00,16.23,1584,DE,app,grocery,0
2024-01-06 07:48:00,143.03,1900,GB,web,gaming,0
2024-01-01 06:09:00,144.7,1666,GB,app,travel,0
2024-01-11 03:58:00,69.22,1854,PL,pos,other,0
2024-01-10 11:51:00,95.33,1591,DE,web,grocery,0
2024-01-06 17:57:00,37.05,1053,ES,web,other,0
2024-01-08 18:36:00,113.52,1345,DE,app,grocery,0
2024-01-01 17:52:00,41.39,1823,FR,web,fashion,0
2024-01-19 05:43:00,2.29,1044,AT,pos,fashion,0
2024-01-28 19:46:00,193.98,1097,US,web,travel,0
2024-01-21 17:22:00,33.32,1833,DE,app,electronics,0
2024-01-14 10:42:00,79.77,1063,NL,app,grocery,0
2024-01-13 14:35:00,98.03,1959,GB,app,travel,0
2024-01-10 05:25:00,118.78,1758,NL,app,fashion,0
2024-01-05 06:31:00,85.29,1665,DE,pos,fashion,0
2024-01-18 22:54:00,104.47,1536,GB,web,electronics,0
2024-01-17 23:53:00,67.92,1089,NL,app,grocery,0
2024-01-01 05:15:00,19.73,1414,FR,web,gaming,0
2024-01-13 11:10:00,82.8,1807,NL,app,gaming,0
2024-01-09 08:10:00,130.56,1903,US,app,other,0
2024-01-06 02:36:00,35.27,1446,IT,web,fashion,0
2024-01-22 02:11:00,98.78,1839,IT,app,gaming,0
2024-01-16 18:35:00,272.89,1776,FR,web,gaming,0
2024-01-20 00:18:00,78.68,1057,DE,pos,gaming,0
2024-01-22 09:42:00,81.83,1620,PL,pos,travel,0
2024-01-30 10:54:00,18.0,1616,DE,app,fashion,0
2024-01-25 01:59:00,31.46,1542,FR,web,electronics,0
2024-01-19 14:39:00,41.8,1772,FR,app,fashion,0
2024-01-27 08:53:00,126.98,1889,AT,web,other,0
2024-01-15 07:48:00,37.55,1550,FR,app,travel,0
2024-01-30 13:01:00,111.83,1320,ES,web,travel,0
2024-01-23 20:13:00,45.26,1983,CH,app,travel,0
2024-01-20 12:38:00,18.79,1963,DE,pos,fashion,0
2024-01-28 02:23:00,138.05,1686,US,pos,electronics,0
2024-01-16 10:51:00,61.83,1640,GB,app,travel,0
2024-01-22 14:54:00,119.41,1104,FR,web,gaming,0
2024-01-09 13:00:00,18.08,1401,CH,app,fashion,0
2024-01-29 21:30:00,6.77,1198,DE,web,electronics,0
2024-01-19 16:49:00,91.97,1514,DE,app,grocery,0
2024-01-24 11:02:00,30.39,1826,FR,app,gaming,0
2024-01-14 19:43:00,90.99,1224,GB,web,gaming,0
2024-01-27 00:05:00,92.47,1996,PL,web,fashion,0
2024-01-03 05:24:00,83.85,1129,CH,web,grocery,0
2024-01-04 10:09:00,172.64,1098,GB,web,grocery,0
2024-01-16 05:07:00,110.41,1974,FR,app,travel,0
2024-01-22 23:20:00,272.72,1100,AT,app,gaming,0
2024-01-25 06:38:00,63.21,1735,FR,web,grocery,0
2024-01-14 04:51:00,25.03,1763,DE,web,electronics,0
2024-01-20 11:45:00,47.96,1330,US,app,travel,0
2024-01-17 14:14:00,66.31,1064,FR,app,electronics,0
2024-01-29 20:17:00,287.95,1308,NL,web,fashion,0
2024-01-20 14:57:00,87.53,1068,FR,web,grocery,0
2024-01-13 12:07:00,177.05,1672,GB,pos,other,0
2024-01-30 02:16:00,58.99,1888,NL,web,electronics,0
2024-01-04 05:13:00,53.19,1997,IT,web,travel,0
2024-01-30 12:53:00,17.26,1800,DE,web,other,0
2024-01-05 14:53:00,281.89,1774,GB,app,gaming,0
2024-01-09 15:31:00,217.79,1881,IT,app,other,0
2024-01-25 15:27:00,99.54,1769,AT,app,grocery,0
2024-01-23 00:18:00,69.48,1650,US,pos,fashion,0
2024-01-30 02:39:00,90.08,1996,DE,app,grocery,0
2024-01-23 11:59:00,24.01,1322,CH,web,gaming,0
2024-01-20 02:38:00,119.25,1412,IT,web,electronics,0
2024-01-11 09:28:00,205.85,1906,CH,app,fashion,0
2024-01-01 03:23:00,212.84,1311,IT,pos,grocery,0
2024-01-04 17:11:00,18.09,1298,AT,web,other,0
2024-01-09 22:23:00,175.94,1152,DE,app,travel,0
2024-01-02 05:28:00,24.18,1275,DE,web,gaming,0
2024-01-16 05:53:00,7.5,1593,DE,web,gaming,0
2024-01-24 07:41:00,180.48,1886,GB,app,grocery,0
2024-01-29 21:32:00,55.1,1136,ES,web,electronics,0
2024-01-15 16:35:00,163.42,1680,IT,web,fashion,0
2024-01-27 06:00:00,153.47,1766,FR,app,other,0
2024-01-30 13:35:00,140.16,1895,NL,pos,other,0
2024-01-26 19:04:00,89.25,1750,DE,web,gaming,0
2024-01-14 22:46:00,27.02,1155,AT,web,electronics,0
2024-01-10 18:11:00,66.42,1488,NL,app,travel,0
2024-01-30 08:06:00,215.23,1952,IT,app,travel,0
2024-01-08 06:10:00,166.34,1908,PL,web,travel,0
2024-01-13 08:20:00,69.27,1612,US,web,travel,0
2024-01-03 05:18:00,68.58,1963,US,web,other,0
2024-01-24 19:27:00,131.48,1668,DE,web,travel,0
2024-01-20 11:52:00,94.2,1064,DE,app,grocery,0
2024-01-03 13:04:00,72.17,1914,DE,web,fashion,0
2024-01-07 15:47:00,123.77,1168,PL,pos,gaming,0
2024-01-17 15:55:00,120.84,1380,GB,web,travel,0
2024-01-17 05:05:00,49.12,1238,GB,web,gaming,0
2024-01-25 01:28:00,108.55,1719,AT,pos,other,0
2024-01-08 23:35:00,115.6,1029,US,app,other,0
2024-01-28 17:47:00,84.15,1640,IT,web,fashion,0
2024-01-14 08:01:00,44.65,1864,US,pos,gaming,1
2024-01-25 16:15:00,64.76,1787,IT,web,grocery,0
2024-01-08 03:38:00,36.92,1306,DE,app,gaming,0
2024-01-02 02:37:00,110.72,1896,DE,pos,fashion,0
2024-01-02 15:38:00,18.21,1362,GB,app,other,0
2024-01-12 04:20:00,230.19,1680,FR,app,fashion,0
2024-01-29 14:16:00,199.37,1506,FR,app,other,0
2024-01-02 11:03:00,117.6,1067,FR,web,gaming,0
2024-01-12 01:39:00,159.68,1002,FR,web,grocery,0
2024-01-04 06:40:00,152.38,1183,GB,web,travel,0
2024-01-28 22:43:00,95.29,1934,DE,pos,electronics,0
2024-01-21 06:13:00,73.78,1953,DE,web,other,0
2024-01-23 21:08:00,67.29,1410,PL,web,fashion,0
2024-01-22 09:32:00,235.86,1968,IT,pos,travel,0
2024-01-20 17:03:00,43.24,1049,DE,pos,travel,0
2024-01-24 05:04:00,44.0,1967,DE,app,grocery,0
2024-01-01 05:50:00,169.46,1230,AT,app,grocery,0
2024-01-26 23:07:00,158.62,1036,AT,web,electronics,0
2024-01-23 04:42:00,70.41,1757,DE,pos,electronics,0
2024-01-23 04:23:00,126.76,1382,DE,web,electronics,0
2024-01-12 19:16:00,138.78,1292,PL,app,other,0
2024-01-25 00:37:00,25.71,1759,US,web,fashion,0
2024-01-12 10:54:00,208.07,1333,US,web,gaming,0
2024-01-02 11:15:00,138.74,1752,FR,web,electronics,0
2024-01-28 05:37:00,119.18,1195,CH,pos,other,0
2024-01-08 00:51:00,139.5,1085,GB,web,gaming,1
2024-01-04 01:22:00,109.05,1324,PL,web,gaming,0
2024-01-19 15:45:00,80.46,1609,IT,web,travel,0
2024-01-08 00:13:00,95.93,1224,AT,web,gaming,0
2024-01-26 17:51:00,23.38,1142,CH,web,other,0
2024-01-14 07:30:00,298.75,1749,IT,web,fashion,0
2024-01-01 03:14:00,79.42,1493,IT,web,travel,0
2024-01-29 13:14:00,295.4,1431,DE,web,fashion,0
2024-01-16 10:31:00,97.15,1239,GB,web,other,0
2024-01-08 21:20:00,52.78,1017,ES,app,electronics,0
2024-01-21 07:38:00,204.07,1053,ES,web,other,0
2024-01-16 22:02:00,115.74,1681,DE,web,gaming,0
2024-01-01 21:19:00,370.02,1080,PL,app,electronics,0
2024-01-23 18:56:00,51.64,1246,PL,app,other,0
2024-01-13 00:58:00,209.84,1910,DE,app,fashion,0
2024-01-21 23:52:00,217.34,1343,ES,pos,travel,0
2024-01-27 20:51:00,146.95,1744,NL,pos,electronics,0
2024-01-19 07:38:00,218.56,1343,US,web,other,0
2024-01-21 03:33:00,80.85,1931,DE,web,fashion,0
2024-01-08 15:20:00,43.04,1821,US,web,grocery,1
2024-01-08 03:06:00,56.86,1469,FR,web,gaming,0
2024-01-13 10:48:00,92.2,1684,DE,pos,grocery,0
2024-01-26 14:00:00,152.25,1413,DE,app,electronics,0
2024-01-16 17:25:00,45.76,1944,DE,app,gaming,0
2024-01-11 10:34:00,67.34,1358,AT,web,electronics,0
2024-01-24 09:19:00,49.03,1836,IT,app,gaming,1
2024-01-26 14:24:00,171.36,1616,PL,web,travel,0
2024-01-28 01:49:00,293.87,1643,DE,web,gaming,1
2024-01-09 23:14:00,36.71,1351,GB,app,fashion,0
2024-01-22 06:56:00,131.04,1832,DE,web,grocery,0
2024-01-18 17:01:00,186.23,1746,ES,web,fashion,0
2024-01-14 11:15:00,75.39,1815,GB,pos,electronics,0
2024-01-12 21:47:00,24.7,1801,US,web,grocery,0
2024-01-04 10:28:00,202.78,1157,NL,app,travel,0
2024-01-09 05:52:00,23.15,1875,PL,web,electronics,0
2024-01-17 11:45:00,243.6,1841,DE,web,electronics,0
2024-01-27 14:19:00,48.14,1242,DE,web,travel,0
2024-01-26 23:45:00,19.72,1981,FR,web,other,0
2024-01-06 15:04:00,60.45,1527,DE,app,gaming,0
2024-01-21 09:06:00,86.71,1321,FR,web,fashion,1
2024-01-03 13:03:00,101.03,1223,AT,web,grocery,0
2024-01-21 06:00:00,138.9,1364,GB,app,grocery,0
2024-01-11 06:11:00,107.87,1037,US,web,travel,0
2024-01-14 11:53:00,278.2,1690,US,pos,fashion,0
2024-01-22 12:42:00,83.61,1707,PL,web,other,0
2024-01-13 17:55:00,112.1,1667,DE,app,grocery,0
2024-01-25 05:21:00,105.35,1548,DE,web,travel,0
2024-01-17 00:10:00,17.25,1362,NL,app,travel,0
2024-01-30 23:05:00,30.57,1723,NL,web,fashion,0
2024-01-20 03:32:00,92.48,1871,FR,web,electronics,0
2024-01-09 21:22:00,122.16,1087,IT,app,travel,0
2024-01-24 06:12:00,10.48,1382,IT,app,other,0
2024-01-13 05:43:00,286.66,1995,AT,pos,travel,0
2024-01-17 00:36:00,129.31,1861,CH,app,fashion,0
2024-01-05 02:30:00,88.58,1994,FR,pos,gaming,0
2024-01-04 13:55:00,125.09,1183,ES,web,gaming,0
2024-01-18 05:54:00,57.62,1464,GB,web,electronics,0
2024-01-06 14:25:00,101.84,1130,IT,app,other,0
2024-01-30 22:15:00,114.08,1866,PL,app,electronics,0
2024-01-26 16:05:00,204.4,1518,US,app,other,0
2024-01-22 00:38:00,77.93,1243,DE,web,other,0
2024-01-23 00:59:00,23.8,1090,NL,pos,gaming,0
2024-01-18 20:33:00,42.04,1737,IT,pos,other,0
2024-01-02 19:24:00,73.09,1811,ES,app,fashion,0
2024-01-12 18:30:00,26.58,1879,DE,app,fashion,0
2024-01-15 20:58:00,38.02,1971,GB,app,grocery,0
2024-01-28 11:00:00,42.39,1814,GB,pos,grocery,0
2024-01-07 14:02:00,69.23,1786,DE,app,grocery,0
2024-01-15 21:46:00,128.11,1811,DE,app,grocery,0
2024-01-11 07:43:00,66.63,1998,DE,web,other,0
2024-01-05 00:44:00,134.33,1463,PL,web,electronics,0
2024-01-04 02:10:00,88.65,1758,ES,app,grocery,0
2024-01-11 23:04:00,39.21,1819,DE,web,other,0
2024-01-03 11:20:00,115.48,1116,US,app,electronics,0
2024-01-03 00:21:00,102.81,1690,FR,app,fashion,0
2024-01-11 12:37:00,136.85,1338,FR,app,other,0
2024-01-07 01:25:00,157.08,1132,FR,app,gaming,0
2024-01-17 15:27:00,208.75,1170,IT,pos,other,0
2024-01-01 12:43:00,131.18,1114,IT,web,other,0
2024-01-10 01:18:00,100.32,1897,AT,web,grocery,0
2024-01-14 14:21:00,137.3,1771,FR,app,grocery,0
2024-01-29 21:27:00,61.41,1102,GB,web,travel,0
2024-01-20 00:52:00,57.72,1625,IT,pos,gaming,0
2024-01-27 10:07:00,228.07,1660,GB,app,fashion,0
2024-01-11 07:10:00,56.32,1519,ES,pos,electronics,0
2024-01-14 11:47:00,43.37,1606,PL,web,electronics,0
2024-01-13 14:40:00,131.13,1907,AT,web,electronics,0
2024-01-27 14:55:00,61.83,1518,PL,app,electronics,0
2024-01-29 18:37:00,155.97,1659,AT,web,other,0
2024-01-29 20:52:00,198.49,1571,DE,web,travel,0
2024-01-23 13:24:00,48.84,1396,DE,pos,other,0
2024-01-16 02:14:00,142.44,1890,DE,pos,grocery,0
2024-01-17 05:25:00,55.21,1413,GB,app,grocery,1
2024-01-30 09:58:00,74.33,1799,GB,pos,fashion,0
2024-01-09 12:52:00,111.68,1605,PL,pos,electronics,0
2024-01-11 09:37:00,57.83,1684,DE,web,grocery,0
2024-01-27 21:50:00,104.47,1760,US,app,gaming,0
2024-01-12 14:09:00,79.2,1735,PL,app,grocery,0
2024-01-08 01:16:00,158.41,1564,CH,app,grocery,0
2024-01-17 19:32:00,158.69,1615,IT,app,travel,0
2024-01-10 18:14:00,58.06,1508,NL,pos,gaming,0
2024-01-27 17:25:00,113.52,1339,DE,app,gaming,0
2024-01-28 06:31:00,175.4,1726,IT,web,gaming,0
2024-01-10 04:19:00,37.45,1878,PL,web,grocery,0
2024-01-16 21:16:00,78.82,1705,DE,web,electronics,0
2024-01-30 12:28:00,109.97,1772,FR,app,travel,0
2024-01-23 06:28:00,36.0,1830,IT,web,electronics,0
2024-01-07 11:15:00,63.83,1367,PL,web,gaming,1
2024-01-18 17:20:00,259.3,1062,GB,web,electronics,0
2024-01-19 14:19:00,56.19,1337,US,app,gaming,0
2024-01-20 14:28:00,61.41,1754,ES,web,other,0
2024-01-01 18:00:00,130.11,1815,ES,app,gaming,0
2024-01-09 23:33:00,32.08,1513,ES,web,travel,1
2024-01-26 15:19:00,80.15,1778,IT,web,travel,0
2024-01-08 05:47:00,43.74,1074,DE,app,gaming,0
2024-01-09 23:46:00,104.32,1644,NL,pos,fashion,0
2024-01-10 16:11:00,2.79,1679,PL,app,electronics,0
2024-01-06 07:43:00,94.03,1507,IT,pos,grocery,0
2024-01-05 15:55:00,112.18,1716,US,pos,fashion,0
2024-01-11 09:51:00,65.16,1491,NL,app,gaming,0
2024-01-27 05:30:00,68.47,1523,FR,app,grocery,0
2024-01-01 01:06:00,58.86,1603,DE,app,gaming,0
2024-01-09 11:56:00,79.34,1793,DE,pos,grocery,0
2024-01-02 19:39:00,230.08,1248,FR,web,gaming,0
2024-01-17 20:16:00,161.81,1300,FR,app,fashion,0
2024-01-08 12:25:00,79.29,1418,DE,web,grocery,0
2024-01-24 18:13:00,63.85,1201,DE,app,fashion,0
2024-01-18 13:12:00,151.53,1334,AT,web,grocery,0
2024-01-24 12:21:00,99.46,1350,PL,web,electronics,0
2024-01-20 01:08:00,35.18,1314,PL,app,fashion,1
2024-01-14 03:38:00,72.37,1410,FR,pos,travel,0
2024-01-26 19:53:00,214.05,1504,DE,app,other,0
2024-01-15 06:54:00,126.5,1695,DE,web,other,0
2024-01-29 11:57:00,64.41,1302,DE,web,other,0
2024-01-30 20:11:00,22.15,1845,FR,pos,grocery,0
2024-01-18 16:05:00,103.94,1479,DE,web,electronics,0
2024-01-21 05:42:00,89.01,1720,CH,pos,electronics,0
2024-01-08 16:04:00,77.41,1114,GB,app,gaming,0
2024-01-25 10:32:00,152.7,1173,IT,pos,travel,0
2024-01-21 03:32:00,127.61,1453,US,app,fashion,0
2024-01-28 01:50:00,22.93,1366,DE,web,electronics,0
2024-01-09 00:14:00,89.38,1496,AT,app,electronics,0
2024-01-24 15:03:00,28.99,1158,GB,pos,gaming,0
2024-01-15 02:35:00,59.67,1473,FR,pos,gaming,0
2024-01-06 13:19:00,26.95,1686,NL,web,fashion,0
2024-01-06 03:15:00,27.9,1728,GB,web,electronics,0
2024-01-17 20:45:00,113.28,1248,ES,web,gaming,0
2024-01-10 14:00:00,105.37,1344,CH,app,other,0
2024-01-04 01:21:00,84.47,1525,IT,web,gaming,0
2024-01-13 19:32:00,55.53,1517,DE,web,other,0
2024-01-20 14:06:00,25.05,1791,DE,web,travel,0
2024-01-10 13:38:00,59.89,1390,DE,app,grocery,0
2024-01-29 15:51:00,105.71,1670,US,pos,fashion,0
2024-01-24 09:16:00,103.97,1883,NL,app,travel,0
2024-01-16 09:10:00,211.1,1298,AT,web,grocery,0
2024-01-29 00:57:00,191.26,1822,AT,app,grocery,0
2024-01-13 23:44:00,87.01,1332,NL,app,electronics,0
2024-01-05 04:33:00,59.38,1334,GB,app,electronics,0
2024-01-02 01:48:00,44.71,1653,AT,app,fashion,0
2024-01-29 03:22:00,21.34,1621,CH,web,gaming,0
2024-01-29 19:02:00,32.05,1549,US,web,electronics,0
2024-01-23 04:15:00,105.82,1231,US,web,grocery,0
2024-01-04 02:09:00,133.83,1096,GB,web,grocery,0
2024-01-09 19:25:00,69.29,1908,AT,app,other,0
2024-01-02 05:34:00,361.98,1873,DE,app,travel,0
2024-01-02 12:53:00,32.34,1886,FR,web,grocery,0
2024-01-08 09:10:00,19.25,1512,AT,web,fashion,0
2024-01-18 03:56:00,357.9,1884,US,web,other,0
2024-01-02 23:10:00,23.86,1473,DE,app,grocery,0
2024-01-30 12:54:00,68.55,1075,NL,pos,other,0
2024-01-14 15:41:00,47.97,1198,GB,app,fashion,0
2024-01-08 21:58:00,111.53,1272,GB,web,electronics,0
2024-01-16 11:34:00,64.55,1376,NL,app,fashion,0
2024-01-24 16:54:00,134.12,1939,GB,web,travel,0
2024-01-10 09:03:00,154.84,1332,DE,web,gaming,0
2024-01-02 10:12:00,21.13,1612,FR,web,grocery,0
2024-01-02 12:41:00,43.46,1270,DE,app,electronics,0
2024-01-26 13:25:00,142.21,1643,GB,web,fashion,0
2024-01-04 08:21:00,176.33,1567,GB,app,fashion,0
2024-01-20 01:36:00,97.54,1150,DE,web,grocery,0
2024-01-12 12:50:00,117.48,1462,DE,app,electronics,0
2024-01-24 07:48:00,220.08,1105,FR,app,gaming,0
2024-01-02 19:34:00,65.19,1889,AT,web,other,0
2024-01-27 22:24:00,96.76,1704,US,app,fashion,0
2024-01-21 22:41:00,191.4,1941,DE,app,fashion,0
2024-01-14 11:28:00,199.48,1875,PL,pos,travel,0
2024-01-07 05:03:00,79.8,1219,ES,pos,grocery,0
2024-01-30 07:32:00,44.66,1707,FR,pos,fashion,0
2024-01-10 01:29:00,79.13,1100,DE,app,fashion,0
2024-01-15 17:10:00,85.02,1960,GB,web,travel,0
2024-01-12 19:46:00,43.28,1785,ES,web,gaming,0
2024-01-07 21:59:00,48.97,1680,FR,app,electronics,0
2024-01-13 11:57:00,199.67,1994,FR,web,travel,0
2024-01-05 13:04:00,121.36,1846,GB,app,electronics,0
2024-01-01 01:11:00,68.81,1863,US,pos,travel,0
2024-01-09 16:47:00,34.2,1100,US,web,grocery,0
2024-01-04 08:41:00,49.47,1023,ES,web,gaming,0
2024-01-13 10:38:00,17.66,1961,US,web,electronics,0
2024-01-26 21:11:00,99.41,1251,AT,app,fashion,0
2024-01-05 21:02:00,47.21,1426,NL,app,gaming,0
2024-01-01 00:53:00,105.19,1043,FR,web,other,0
2024-01-04 07:59:00,141.21,1623,ES,web,electronics,0
2024-01-16 05:52:00,106.3,1820,GB,web,electronics,0
2024-01-09 05:53:00,62.32,1841,GB,app,electronics,0
2024-01-15 16:26:00,41.39,1581,IT,web,gaming,0
2024-01-01 21:03:00,29.8,1661,ES,app,grocery,0
2024-01-10 23:49:00,186.9,1513,US,app,fashion,0
2024-01-13 07:17:00,103.0,1446,GB,pos,fashion,0
2024-01-13 22:33:00,65.16,1554,PL,web,fashion,0
2024-01-17 12:50:00,128.54,1935,DE,web,grocery,0
2024-01-24 10:01:00,167.18,1252,CH,pos,travel,0
2024-01-15 00:24:00,48.04,1470,US,app,gaming,0
2024-01-26 05:40:00,100.77,1601,PL,pos,travel,0
2024-01-16 21:24:00,102.25,1570,PL,web,travel,0
2024-01-08 19:27:00,213.89,1030,NL,web,fashion,0
2024-01-07 20:53:00,64.44,1287,FR,app,other,0
2024-01-10 16:11:00,40.1,1646,FR,app,electronics,0
2024-01-18 22:10:00,108.92,1694,US,web,electronics,0
2024-01-08 06:35:00,136.01,1734,AT,app,electronics,0
2024-01-28 10:12:00,94.86,1991,NL,app,travel,0
2024-01-15 09:30:00,223.58,1673,PL,web,gaming,0
2024-01-26 21:33:00,64.28,1579,US,web,fashion,0
2024-01-21 11:56:00,96.59,1332,CH,app,electronics,0
2024-01-11 00:00:00,22.86,1370,PL,web,electronics,0
2024-01-07 20:20:00,38.17,1826,DE,pos,grocery,0
2024-01-23 07:38:00,48.3,1468,DE,web,grocery,0
2024-01-10 22:07:00,72.9,1715,FR,web,grocery,0
2024-01-08 09:44:00,26.65,1124,DE,web,electronics,0
2024-01-28 21:52:00,127.28,1128,GB,app,fashion,0
2024-01-15 11:29:00,44.77,1215,GB,app,fashion,0
2024-01-02 10:58:00,321.1,1195,DE,pos,other,0
2024-01-15 20:13:00,46.12,1606,US,web,gaming,0
2024-01-14 19:45:00,89.43,1637,IT,web,travel,0
2024-01-26 22:03:00,81.33,1557,NL,pos,other,0
2024-01-22 08:19:00,35.36,1289,US,app,grocery,0
2024-01-06 17:46:00,73.11,1576,ES,app,gaming,0
2024-01-05 12:19:00,72.42,1119,DE,web,fashion,0
2024-01-19 02:35:00,154.94,1472,DE,app,gaming,0
2024-01-02 10:06:00,111.84,1154,IT,web,electronics,1
2024-01-10 13:41:00,125.99,1076,GB,pos,gaming,0
2024-01-05 03:30:00,152.65,1165,ES,web,other,0
2024-01-01 14:48:00,127.41,1111,FR,app,electronics,0
2024-01-28 13:33:00,100.17,1477,DE,web,gaming,0
2024-01-03 16:40:00,47.93,1545,GB,app,grocery,0
2024-01-01 06:40:00,95.6,1607,CH,pos,electronics,0
2024-01-28 23:40:00,40.65,1439,NL,app,fashion,0
2024-01-06 15:35:00,77.41,1176,NL,pos,travel,0
2024-01-25 11:55:00,69.95,1020,AT,web,electronics,0
2024-01-01 22:31:00,73.41,1712,DE,web,travel,0
2024-01-05 14:33:00,26.91,1982,FR,web,grocery,0
2024-01-04 07:39:00,2.87,1281,CH,app,fashion,0
2024-01-22 04:30:00,60.31,1204,NL,web,other,0
2024-01-19 14:30:00,177.23,1311,US,pos,grocery,0
2024-01-15 06:21:00,88.46,1214,AT,pos,electronics,0
2024-01-08 05:58:00,168.67,1223,IT,app,other,0
2024-01-03 15:58:00,40.89,1494,DE,web,other,0
2024-01-18 01:49:00,57.97,1785,DE,pos,fashion,0
2024-01-07 22:06:00,333.58,1712,PL,pos,fashion,0
2024-01-18 16:56:00,43.05,1959,PL,web,other,0
2024-01-21 14:58:00,124.28,1357,PL,app,travel,0
2024-01-26 11:35:00,124.15,1492,DE,pos,other,0
2024-01-15 19:40:00,114.79,1380,ES,app,other,0
2024-01-01 03:24:00,125.38,1042,FR,app,electronics,0
2024-01-09 10:04:00,42.52,1388,GB,web,grocery,0
2024-01-26 14:25:00,62.63,1260,NL,app,gaming,0
2024-01-16 23:56:00,4.41,1478,GB,pos,fashion,0
2024-01-19 13:45:00,218.64,1158,DE,app,other,0
2024-01-14 17:37:00,124.86,1741,FR,web,grocery,0
2024-01-05 21:10:00,48.35,1842,PL,pos,travel,0
2024-01-27 21:37:00,41.28,1960,FR,pos,fashion,0
2024-01-24 04:30:00,179.3,1084,NL,pos,grocery,0
2024-01-30 20:31:00,45.55,1117,IT,pos,fashion,0
2024-01-26 15:57:00,48.22,1966,GB,app,electronics,0
2024-01-09 17:36:00,34.02,1848,DE,pos,grocery,0
2024-01-08 15:04:00,141.44,1588,GB,pos,electronics,0
2024-01-08 10:54:00,167.01,1321,FR,web,fashion,0
2024-01-28 13:31:00,70.28,1517,FR,web,other,0
2024-01-17 16:59:00,167.75,1535,IT,app,grocery,0
2024-01-14 15:12:00,108.01,1847,AT,web,travel,0
2024-01-30 01:08:00,32.18,1529,GB,web,electronics,0
2024-01-19 02:27:00,208.26,1027,GB,web,fashion,0
2024-01-28 06:47:00,33.69,1699,GB,web,fashion,0
2024-01-30 12:56:00,74.25,1777,GB,web,other,0
2024-01-03 09:12:00,70.44,1298,NL,app,travel,0
2024-01-11 20:18:00,61.1,1116,FR,pos,electronics,0
2024-01-23 00:34:00,12.03,1142,US,app,electronics,0
2024-01-25 09:28:00,289.75,1840,DE,app,fashion,0
2024-01-05 10:54:00,14.05,1447,US,app,travel,0
2024-01-10 13:14:00,216.9,1529,IT,pos,grocery,0
2024-01-17 10:41:00,40.07,1960,NL,pos,other,0
2024-01-24 23:26:00,52.17,1061,FR,app,grocery,0
2024-01-04 09:20:00,203.0,1205,FR,app,other,0
2024-01-19 00:31:00,116.37,1833,DE,web,grocery,0
2024-01-09 21:26:00,23.65,1540,FR,app,gaming,0
2024-01-07 11:46:00,23.16,1027,FR,web,electronics,0
2024-01-16 11:05:00,104.55,1702,AT,app,fashion,0
2024-01-13 10:05:00,33.16,1138,AT,web,travel,0
2024-01-20 01:42:00,120.25,1782,ES,app,travel,0
2024-01-10 12:41:00,128.98,1797,CH,web,travel,0
2024-01-25 16:45:00,43.85,1824,US,web,other,0
2024-01-03 08:14:00,54.52,1464,DE,app,electronics,0
2024-01-26 20:33:00,107.01,1267,ES,app,electronics,0
2024-01-01 21:28:00,42.21,1881,DE,app,grocery,0
2024-01-23 01:50:00,88.55,1558,IT,app,fashion,0
2024-01-11 09:27:00,346.65,1635,ES,pos,fashion,0
2024-01-12 12:00:00,110.69,1136,NL,app,gaming,0
2024-01-01 13:42:00,61.79,1623,FR,app,grocery,0
2024-01-22 01:30:00,309.01,1580,IT,app,fashion,0
2024-01-05 23:09:00,148.45,1292,DE,web,fashion,0
2024-01-20 18:35:00,33.9,1766,FR,pos,other,0
2024-01-22 18:07:00,39.9,1133,FR,web,other,0
2024-01-26 08:34:00,15.98,1719,NL,web,electronics,0
2024-01-22 05:49:00,105.61,1961,FR,pos,fashion,0
2024-01-10 01:04:00,9.59,1567,PL,web,travel,0
2024-01-23 03:46:00,308.77,1104,FR,pos,gaming,0
2024-01-25 18:41:00,67.8,1553,AT,web,electronics,0
2024-01-10 12:21:00,154.77,1529,AT,app,gaming,0
2024-01-04 17:24:00,63.07,1552,DE,web,other,0
2024-01-27 16:48:00,104.28,1272,IT,app,gaming,0
2024-01-05 10:31:00,75.04,1626,US,app,other,0
2024-01-18 19:33:00,86.67,1264,PL,pos,other,0
2024-01-08 02:07:00,188.33,1557,FR,app,grocery,0
2024-01-04 18:44:00,250.84,1594,DE,web,other,0
2024-01-24 07:01:00,238.13,1645,US,pos,fashion,0
2024-01-05 07:28:00,523.01,1797,DE,web,travel,1
2024-01-21 02:33:00,46.29,1882,FR,app,gaming,0
2024-01-21 19:01:00,111.69,1777,US,web,gaming,1
2024-01-02 19:21:00,47.21,1795,FR,pos,fashion,0
2024-01-06 04:31:00,183.15,1868,DE,app,fashion,0
2024-01-24 19:56:00,35.42,1242,AT,app,grocery,0
2024-01-16 05:15:00,190.54,1292,ES,web,grocery,0
2024-01-04 15:22:00,97.23,1533,DE,pos,electronics,0
2024-01-30 18:04:00,78.35,1465,NL,app,gaming,0
2024-01-08 22:47:00,85.36,1702,FR,app,other,0
2024-01-01 02:53:00,29.89,1009,CH,pos,gaming,0
2024-01-28 17:23:00,32.32,1138,AT,app,grocery,0
2024-01-01 11:56:00,98.51,1746,US,app,fashion,0
2024-01-17 14:25:00,98.02,1821,FR,web,travel,0
2024-01-30 19:01:00,49.04,1302,PL,app,travel,0
2024-01-18 08:01:00,67.22,1310,FR,app,fashion,0
2024-01-18 12:56:00,118.51,1561,DE,web,electronics,0
2024-01-12 15:29:00,42.01,1477,FR,web,gaming,0
2024-01-04 19:22:00,13.97,1169,IT,web,electronics,0
2024-01-18 04:20:00,223.89,1500,FR,app,travel,0
2024-01-27 22:03:00,103.62,1819,US,web,gaming,0
2024-01-03 17:35:00,56.69,1729,GB,web,gaming,0
2024-01-27 09:52:00,47.08,1817,PL,pos,other,0
2024-01-13 10:50:00,41.65,1643,ES,web,electronics,0
2024-01-17 02:03:00,182.66,1877,IT,web,other,0
2024-01-05 23:05:00,25.26,1249,NL,pos,fashion,0
2024-01-19 15:41:00,111.49,1045,AT,pos,travel,0
2024-01-06 11:17:00,111.42,1114,US,app,grocery,0
2024-01-09 04:41:00,143.22,1992,US,pos,electronics,0
2024-01-22 15:33:00,61.22,1640,AT,pos,gaming,0
2024-01-02 12:22:00,211.32,1247,GB,app,fashion,0
2024-01-14 09:58:00,146.17,1854,US,app,gaming,0
2024-01-18 20:05:00,59.55,1309,FR,web,fashion,0
2024-01-04 23:03:00,45.21,1597,GB,web,grocery,0
2024-01-09 20:13:00,75.2,1249,DE,web,gaming,0
2024-01-11 07:19:00,57.94,1094,DE,web,other,0
2024-01-20 21:48:00,39.01,1267,CH,app,travel,0
2024-01-30 07:13:00,88.25,1228,ES,app,other,0
2024-01-26 02:05:00,67.57,1552,FR,pos,grocery,0
2024-01-06 16:37:00,245.3,1020,GB,app,other,0
2024-01-01 13:04:00,57.87,1239,AT,web,fashion,0
2024-01-02 13:22:00,44.86,1567,AT,app,gaming,0
2024-01-18 20:54:00,84.0,1393,NL,web,gaming,0
2024-01-05 16:30:00,101.24,1635,DE,web,other,0
2024-01-07 22:31:00,106.98,1655,PL,app,travel,0
2024-01-26 10:07:00,106.22,1965,FR,web,grocery,0
2024-01-27 05:11:00,86.17,1836,GB,web,other,0
2024-01-26 04:06:00,81.5,1228,NL,app,grocery,0
2024-01-08 14:38:00,129.5,1692,DE,app,gaming,0
2024-01-19 14:10:00,35.91,1627,DE,web,electronics,0
2024-01-19 07:45:00,45.14,1594,DE,web,other,0
2024-01-06 13:22:00,19.27,1798,GB,web,other,1
2024-01-17 14:32:00,36.44,1147,NL,web,travel,0
2024-01-16 18:11:00,170.63,1375,FR,app,gaming,1
2024-01-12 21:14:00,125.67,1816,DE,app,travel,0
2024-01-23 13:11:00,267.03,1892,US,web,travel,1
2024-01-21 07:53:00,226.07,1037,DE,web,other,0
2024-01-16 23:30:00,126.43,1471,NL,pos,electronics,0
2024-01-22 18:33:00,93.51,1264,PL,app,other,0
2024-01-23 21:26:00,85.22,1167,AT,web,gaming,0
2024-01-18 00:11:00,8.85,1057,IT,web,other,0
2024-01-09 00:43:00,78.21,1538,AT,app,gaming,0
2024-01-23 18:03:00,52.14,1667,FR,web,fashion,0
2024-01-22 12:40:00,37.93,1531,GB,web,travel,0
2024-01-30 12:03:00,112.47,1368,NL,app,travel,0
2024-01-05 11:50:00,71.1,1771,US,app,electronics,0
2024-01-13 13:52:00,89.21,1652,IT,app,electronics,0
2024-01-28 17:26:00,33.06,1908,AT,pos,grocery,0
2024-01-16 10:29:00,150.54,1347,PL,app,travel,0
2024-01-29 06:41:00,57.64,1238,IT,app,other,0
2024-01-01 08:58:00,108.22,1455,DE,app,other,0
2024-01-02 01:19:00,61.67,1506,FR,app,fashion,1
2024-01-24 21:08:00,6.88,1457,NL,app,travel,0
2024-01-11 18:04:00,115.75,1832,PL,web,gaming,0
2024-01-16 14:33:00,74.79,1045,AT,app,fashion,0
2024-01-13 20:10:00,17.87,1527,US,app,grocery,1
2024-01-13 05:43:00,29.4,1430,FR,app,other,0
2024-01-29 04:25:00,153.6,1210,AT,web,other,0
2024-01-03 19:43:00,18.84,1641,DE,app,other,0
2024-01-24 03:59:00,56.41,1801,US,web,grocery,0
2024-01-27 16:33:00,282.45,1546,FR,web,other,0
2024-01-20 17:20:00,117.89,1084,IT,web,gaming,0
2024-01-12 20:24:00,139.19,1075,AT,app,gaming,0
2024-01-05 19:12:00,66.35,1421,NL,pos,electronics,0
2024-01-21 11:27:00,16.21,1668,PL,web,travel,0
2024-01-15 01:32:00,95.67,1313,CH,app,travel,0
2024-01-05 11:32:00,31.41,1308,GB,web,other,0
2024-01-11 18:56:00,28.58,1860,DE,web,travel,0
2024-01-29 20:18:00,87.67,1014,DE,app,electronics,0
2024-01-08 23:04:00,33.52,1079,ES,app,other,0
2024-01-06 08:28:00,80.24,1155,NL,web,electronics,1
2024-01-21 11:01:00,46.45,1983,AT,app,other,0
2024-01-06 23:40:00,78.13,1497,ES,pos,other,0
2024-01-28 14:20:00,53.43,1158,CH,app,electronics,0
2024-01-26 18:28:00,79.8,1310,ES,app,fashion,0
2024-01-30 12:08:00,213.71,1969,NL,app,fashion,0
2024-01-28 09:03:00,141.4,1694,GB,app,gaming,0
2024-01-08 07:30:00,73.14,1223,FR,pos,fashion,0
2024-01-07 08:44:00,191.29,1240,NL,pos,grocery,0
2024-01-11 06:42:00,109.34,1074,ES,pos,gaming,0
2024-01-15 02:15:00,182.48,1772,CH,web,gaming,1
2024-01-27 09:35:00,21.13,1137,AT,web,gaming,0
2024-01-23 00:06:00,33.88,1286,GB,app,other,0
2024-01-20 07:59:00,94.84,1348,DE,app,fashion,0
2024-01-27 08:25:00,71.73,1620,PL,pos,gaming,0
2024-01-20 09:02:00,79.95,1606,DE,web,travel,0
2024-01-12 08:55:00,122.34,1799,US,web,travel,0
2024-01-13 09:21:00,95.55,1297,DE,web,grocery,0
2024-01-16 12:15:00,150.92,1385,GB,web,gaming,0
2024-01-03 15:54:00,148.08,1388,NL,app,electronics,0
2024-01-23 06:02:00,35.37,1046,DE,web,other,0
2024-01-20 13:59:00,7.23,1737,NL,web,fashion,0
2024-01-22 22:25:00,33.3,1535,ES,pos,other,0
2024-01-17 00:26:00,31.33,1475,CH,app,other,0
2024-01-24 11:43:00,84.59,1995,AT,app,travel,0
2024-01-29 11:49:00,83.77,1178,PL,web,travel,0
2024-01-18 02:21:00,68.39,1968,PL,pos,gaming,0
2024-01-14 07:57:00,112.39,1680,CH,pos,travel,0
2024-01-04 03:19:00,365.93,1221,US,web,electronics,0
2024-01-24 08:38:00,67.21,1678,AT,app,fashion,0
2024-01-28 02:51:00,97.79,1755,DE,app,travel,0
2024-01-21 23:37:00,79.94,1362,ES,web,other,0
2024-01-26 23:12:00,49.51,1344,DE,app,electronics,0
2024-01-26 20:03:00,123.15,1835,AT,web,travel,0
2024-01-24 22:37:00,64.61,1160,IT,pos,gaming,0
2024-01-16 02:04:00,40.94,1013,AT,app,other,0
2024-01-03 23:54:00,43.68,1665,DE,app,gaming,1
2024-01-01 02:20:00,154.69,1906,NL,app,grocery,0
2024-01-07 03:09:00,120.99,1500,IT,app,travel,0
2024-01-13 22:20:00,54.24,1134,US,web,other,0
2024-01-23 07:23:00,111.07,1539,ES,app,electronics,0
2024-01-14 16:10:00,80.66,1251,IT,app,travel,0
2024-01-01 16:39:00,99.03,1827,AT,app,grocery,0
2024-01-07 07:26:00,48.43,1612,PL,app,fashion,0
2024-01-30 09:02:00,32.26,1336,DE,web,grocery,1
2024-01-30 15:22:00,64.32,1624,AT,web,travel,0
2024-01-12 07:32:00,37.56,1667,US,web,fashion,0
2024-01-25 03:35:00,35.1,1678,PL,web,other,0
2024-01-22 13:54:00,22.41,1366,ES,app,electronics,0
2024-01-28 22:30:00,7.31,1570,DE,web,electronics,0
2024-01-27 15:03:00,55.04,1042,DE,app,grocery,0
2024-01-19 20:41:00,174.89,1403,IT,pos,travel,0
2024-01-12 20:08:00,146.09,1378,PL,app,other,0
2024-01-19 19:11:00,235.36,1534,FR,web,electronics,0
2024-01-10 13:46:00,33.73,1950,DE,app,electronics,0
2024-01-11 10:37:00,128.85,1953,DE,web,travel,0
2024-01-19 06:17:00,72.87,1483,ES,app,other,0
2024-01-18 03:24:00,43.75,1646,NL,pos,gaming,0
2024-01-18 10:18:00,161.39,1108,DE,app,gaming,0
2024-01-12 12:57:00,73.45,1482,DE,pos,fashion,0
2024-01-13 06:34:00,13.94,1687,AT,web,fashion,1
2024-01-01 07:20:00,145.0,1682,DE,app,gaming,0
2024-01-19 01:16:00,105.62,1963,IT,app,gaming,0
2024-01-18 06:33:00,88.26,1466,DE,app,gaming,0
2024-01-29 01:28:00,27.79,1907,NL,pos,electronics,0
2024-01-16 03:04:00,96.12,1978,PL,pos,travel,0
2024-01-15 00:42:00,214.09,1571,GB,app,other,0
2024-01-03 00:43:00,103.5,1091,GB,app,grocery,0
2024-01-06 21:39:00,19.19,1376,AT,app,fashion,0
2024-01-11 03:23:00,109.29,1764,DE,app,gaming,0
2024-01-12 07:35:00,104.29,1580,CH,web,travel,0
2024-01-11 21:08:00,136.33,1936,NL,app,grocery,0
2024-01-12 19:45:00,102.18,1815,DE,app,fashion,0
2024-01-24 01:37:00,35.21,1063,FR,pos,grocery,0
2024-01-04 22:23:00,84.71,1861,AT,web,gaming,0
2024-01-10 23:13:00,65.22,1357,DE,web,grocery,0
2024-01-05 21:16:00,92.47,1818,NL,app,other,0
2024-01-10 05:36:00,165.47,1507,NL,pos,electronics,0
2024-01-21 12:53:00,46.33,1455,IT,web,fashion,0
2024-01-02 09:40:00,259.27,1072,GB,web,gaming,0
2024-01-11 04:25:00,108.78,1118,DE,app,grocery,0
2024-01-01 17:03:00,145.58,1595,DE,pos,fashion,0
2024-01-29 15:31:00,132.21,1569,FR,web,other,0
2024-01-22 19:37:00,105.63,1554,NL,pos,electronics,0
2024-01-08 07:23:00,120.05,1156,ES,web,other,0
2024-01-06 22:42:00,0.73,1509,DE,web,fashion,0
2024-01-03 23:13:00,132.04,1060,GB,web,fashion,0
2024-01-15 04:28:00,37.76,1144,CH,pos,travel,0
2024-01-23 14:31:00,76.89,1498,FR,app,grocery,0
2024-01-18 12:37:00,105.09,1616,ES,app,travel,0
2024-01-27 10:20:00,170.57,1655,GB,web,fashion,0
2024-01-11 07:32:00,37.77,1981,NL,web,gaming,0
2024-01-09 08:14:00,56.17,1854,GB,web,gaming,0
2024-01-15 08:11:00,62.56,1379,DE,web,fashion,0
2024-01-07 01:30:00,93.31,1782,ES,web,travel,0
2024-01-30 06:27:00,65.69,1095,US,web,grocery,0
2024-01-06 13:45:00,120.44,1857,IT,app,other,0
2024-01-15 08:47:00,14.58,1386,FR,pos,gaming,1
2024-01-16 15:50:00,72.25,1760,GB,app,gaming,0
2024-01-02 17:04:00,228.25,1970,DE,web,gaming,0
2024-01-15 01:15:00,65.83,1703,FR,pos,other,0
2024-01-14 15:23:00,109.07,1920,US,app,fashion,0
2024-01-08 18:47:00,152.93,1010,GB,app,fashion,0
2024-01-04 20:08:00,106.52,1170,GB,app,fashion,0
2024-01-02 08:31:00,274.62,1626,US,web,electronics,0
2024-01-01 06:10:00,86.22,1540,DE,web,fashion,0
2024-01-15 10:40:00,124.74,1120,GB,app,other,0
2024-01-03 16:41:00,96.18,1718,FR,pos,electronics,0
2024-01-29 18:43:00,198.23,1058,NL,app,gaming,0
2024-01-08 08:13:00,58.44,1990,FR,web,fashion,0
2024-01-20 13:48:00,289.24,1156,US,web,gaming,0
2024-01-21 04:54:00,47.31,1445,ES,app,other,0
2024-01-15 20:45:00,242.83,1823,US,app,travel,0
2024-01-27 12:12:00,33.92,1514,DE,pos,electronics,0
2024-01-04 07:41:00,127.59,1743,DE,web,grocery,0
2024-01-08 00:30:00,80.66,1703,FR,app,other,0
2024-01-08 13:45:00,150.75,1948,DE,web,fashion,0
2024-01-05 01:29:00,111.01,1463,NL,web,gaming,0
2024-01-09 20:14:00,145.16,1978,AT,app,travel,0
2024-01-10 09:08:00,32.85,1516,ES,web,travel,0
2024-01-23 22:39:00,17.63,1893,DE,web,other,0
2024-01-10 01:10:00,28.08,1732,DE,app,fashion,0
2024-01-27 07:13:00,27.41,1132,ES,pos,other,0
2024-01-24 04:19:00,32.48,1643,CH,app,fashion,0
2024-01-28 01:10:00,50.04,1878,DE,app,fashion,0
2024-01-04 03:45:00,49.67,1128,AT,app,gaming,0
2024-01-30 12:53:00,82.11,1838,DE,web,electronics,0
2024-01-19 10:03:00,40.2,1105,ES,web,gaming,0
2024-01-30 11:18:00,43.06,1871,DE,pos,fashion,0
2024-01-11 15:29:00,68.99,1788,FR,app,gaming,0
2024-01-29 14:09:00,165.16,1151,NL,web,grocery,0
2024-01-18 15:47:00,57.63,1726,IT,web,other,0
2024-01-03 03:42:00,78.04,1116,ES,app,fashion,0
2024-01-13 07:17:00,87.97,1568,AT,app,travel,0
2024-01-05 03:12:00,36.01,1923,GB,pos,travel,0
2024-01-29 05:43:00,62.26,1205,FR,app,grocery,0
2024-01-10 03:12:00,46.05,1173,AT,web,other,0
2024-01-07 16:06:00,154.57,1422,GB,web,electronics,0
2024-01-17 14:05:00,145.93,1368,NL,app,travel,0
2024-01-13 18:06:00,42.16,1048,ES,pos,travel,0
2024-01-03 21:49:00,76.9,1455,US,pos,electronics,0
2024-01-25 11:52:00,124.81,1259,DE,web,gaming,0
2024-01-26 08:58:00,102.41,1124,US,web,other,0
2024-01-23 06:55:00,110.51,1276,NL,web,other,0
2024-01-19 12:03:00,36.21,1020,FR,web,gaming,0
2024-01-13 01:50:00,236.98,1915,AT,app,grocery,0
2024-01-17 06:30:00,49.23,1994,DE,web,other,0
2024-01-16 15:07:00,48.06,1367,GB,app,electronics,0
2024-01-05 23:01:00,24.92,1876,DE,web,other,0
2024-01-03 10:54:00,71.37,1461,AT,web,travel,0
2024-01-08 14:20:00,177.18,1912,NL,app,gaming,0
2024-01-14 15:07:00,101.66,1173,PL,pos,travel,0
2024-01-05 19:25:00,75.76,1284,DE,app,travel,0
2024-01-04 04:48:00,138.64,1739,US,app,grocery,0
2024-01-26 13:23:00,174.2,1220,IT,app,gaming,0
2024-01-12 05:59:00,145.7,1823,US,web,travel,0
2024-01-18 12:38:00,12.55,1425,DE,app,other,0
2024-01-16 17:18:00,139.47,1403,DE,web,travel,0
2024-01-23 01:17:00,113.66,1453,NL,web,other,0
2024-01-23 04:39:00,41.35,1797,DE,app,electronics,0
2024-01-09 21:08:00,114.0,1005,IT,pos,electronics,0
2024-01-26 10:29:00,177.42,1750,DE,app,grocery,0
2024-01-12 03:18:00,51.06,1779,PL,web,fashion,1
2024-01-26 01:20:00,152.91,1821,US,app,grocery,0
2024-01-13 03:29:00,103.29,1996,US,web,electronics,0
2024-01-04 07:54:00,2.06,1782,GB,pos,other,0
2024-01-23 19:12:00,80.09,1528,GB,app,gaming,0
2024-01-01 21:42:00,100.32,1466,FR,app,gaming,0
2024-01-24 04:05:00,64.25,1388,FR,app,fashion,0
2024-01-02 07:04:00,106.11,1827,US,app,fashion,0
2024-01-07 04:54:00,73.66,1392,GB,pos,other,0
2024-01-19 02:25:00,327.97,1572,GB,web,gaming,0
2024-01-29 05:54:00,60.7,1096,PL,web,travel,0
2024-01-13 06:06:00,42.4,1317,DE,pos,grocery,0
2024-01-04 14:52:00,147.62,1266,GB,pos,travel,0
2024-01-07 23:41:00,67.05,1435,GB,pos,fashion,1
2024-01-27 21:12:00,76.75,1502,NL,app,electronics,0
2024-01-22 19:14:00,71.78,1716,US,app,fashion,0
2024-01-04 00:17:00,142.02,1431,ES,app,grocery,0
2024-01-12 13:07:00,32.25,1150,GB,app,grocery,0
2024-01-08 22:28:00,152.7,1545,DE,app,travel,0
2024-01-06 08:02:00,120.39,1054,US,app,electronics,0
2024-01-26 09:27:00,259.81,1849,DE,app,other,0
2024-01-19 12:45:00,94.67,1770,CH,web,travel,0
2024-01-06 09:14:00,34.48,1225,DE,app,travel,0
2024-01-20 12:30:00,95.44,1263,IT,app,travel,0
2024-01-13 09:46:00,104.32,1027,AT,app,electronics,0
2024-01-02 20:15:00,187.9,1364,GB,web,other,0
2024-01-14 11:53:00,34.4,1038,ES,web,fashion,0
2024-01-06 13:22:00,19.21,1936,US,web,grocery,0
2024-01-08 08:35:00,96.92,1134,AT,app,electronics,0
2024-01-27 08:52:00,267.27,1659,DE,app,grocery,0
2024-01-22 07:22:00,133.07,1570,PL,app,electronics,0
2024-01-05 00:32:00,138.53,1236,NL,app,gaming,0
2024-01-26 12:57:00,24.26,1808,IT,app,other,0
2024-01-18 05:30:00,85.39,1108,US,pos,travel,0
2024-01-27 05:41:00,190.31,1886,US,app,grocery,0
2024-01-23 09:53:00,105.23,1740,ES,app,grocery,0
2024-01-11 04:18:00,17.83,1635,GB,web,travel,0
2024-01-17 01:06:00,84.1,1879,PL,web,electronics,0
2024-01-16 22:12:00,126.6,1403,NL,app,gaming,0
2024-01-22 14:21:00,77.28,1281,FR,app,grocery,0
2024-01-08 10:51:00,38.43,1154,DE,pos,electronics,0
2024-01-10 23:49:00,150.76,1924,AT,app,gaming,0
2024-01-08 08:15:00,58.74,1401,PL,web,electronics,0
2024-01-09 21:13:00,112.6,1829,NL,web,travel,0
2024-01-05 20:06:00,82.41,1332,CH,app,electronics,0
2024-01-02 02:18:00,56.93,1954,ES,web,grocery,0
2024-01-29 04:48:00,287.17,1870,DE,app,travel,0
2024-01-03 05:30:00,51.76,1308,AT,app,electronics,0
2024-01-27 15:21:00,87.75,1486,GB,app,other,0
2024-01-01 02:12:00,82.21,1793,FR,pos,other,0
2024-01-24 07:41:00,95.13,1226,AT,app,travel,0
2024-01-10 20:27:00,273.25,1023,IT,app,electronics,0
2024-01-16 12:42:00,126.71,1288,FR,pos,travel,0
2024-01-09 11:11:00,56.48,1590,PL,app,gaming,0
2024-01-15 17:14:00,218.76,1136,GB,pos,travel,0
2024-01-14 13:07:00,142.47,1333,ES,web,fashion,0
2024-01-16 21:25:00,57.4,1918,ES,web,other,1
2024-01-12 19:09:00,196.71,1075,FR,web,travel,0
2024-01-17 02:19:00,23.99,1050,ES,web,grocery,0
2024-01-25 18:19:00,31.0,1423,CH,app,grocery,0
2024-01-14 00:53:00,16.53,1012,DE,pos,other,1
2024-01-11 20:11:00,9.2,1027,US,pos,travel,0
2024-01-04 22:51:00,187.32,1182,FR,pos,electronics,0
2024-01-11 18:59:00,96.03,1102,IT,web,gaming,0
2024-01-04 18:28:00,18.31,1810,DE,web,other,0
2024-01-06 11:24:00,80.58,1122,US,web,travel,0
2024-01-29 13:37:00,156.21,1523,DE,app,electronics,0
2024-01-03 16:22:00,44.22,1705,FR,web,other,0
2024-01-15 11:03:00,64.26,1625,US,web,grocery,0
2024-01-26 00:41:00,296.12,1653,FR,web,other,0
2024-01-29 14:18:00,69.08,1357,GB,app,gaming,0
2024-01-05 09:38:00,20.01,1888,DE,web,grocery,0
2024-01-05 21:46:00,53.64,1068,PL,web,electronics,0
2024-01-12 04:16:00,16.94,1107,GB,web,fashion,0
2024-01-17 15:10:00,134.17,1856,IT,pos,fashion,0
2024-01-29 19:03:00,38.83,1068,NL,web,electronics,0
2024-01-07 05:33:00,37.71,1191,FR,app,gaming,0
2024-01-05 22:21:00,313.95,1173,PL,app,other,0
2024-01-08 14:17:00,27.78,1033,GB,web,fashion,0
2024-01-27 05:30:00,22.99,1117,NL,web,fashion,0
2024-01-01 21:38:00,32.58,1572,GB,pos,electronics,0
2024-01-12 09:41:00,159.63,1661,ES,app,gaming,0
2024-01-04 13:38:00,121.86,1083,ES,app,fashion,0
2024-01-05 17:05:00,53.05,1942,CH,app,grocery,0
2024-01-28 12:07:00,49.0,1095,NL,web,electronics,0
2024-01-01 01:11:00,115.19,1687,US,pos,other,0
2024-01-10 15:30:00,98.79,1800,NL,pos,other,0
2024-01-28 11:06:00,72.72,1520,AT,web,electronics,0
2024-01-19 05:51:00,124.91,1491,IT,pos,fashion,0
2024-01-03 03:39:00,30.52,1109,PL,app,gaming,0
2024-01-14 22:48:00,39.44,1241,GB,web,gaming,0
2024-01-30 03:04:00,129.64,1850,DE,pos,gaming,1
2024-01-13 00:19:00,104.85,1348,DE,app,other,0
2024-01-16 20:36:00,85.01,1034,FR,pos,travel,0
2024-01-16 22:57:00,306.63,1729,DE,app,gaming,1
2024-01-20 19:31:00,144.97,1683,GB,app,fashion,0
2024-01-06 14:48:00,54.41,1066,FR,web,gaming,0
2024-01-26 04:34:00,42.63,1051,IT,pos,other,0
2024-01-30 15:47:00,108.56,1116,AT,app,electronics,0
2024-01-05 06:38:00,186.92,1050,FR,pos,other,0
2024-01-25 13:10:00,14.14,1616,GB,app,fashion,1
2024-01-25 12:10:00,102.83,1132,IT,web,other,0
2024-01-23 05:57:00,63.39,1606,DE,web,travel,0
2024-01-12 03:01:00,96.01,1176,AT,app,travel,0
2024-01-15 01:30:00,21.3,1972,GB,web,grocery,0
2024-01-26 04:13:00,186.83,1725,GB,web,other,0
2024-01-05 14:04:00,221.97,1374,DE,web,fashion,0
2024-01-25 20:41:00,135.71,1428,ES,app,electronics,0
2024-01-28 14:52:00,252.51,1065,DE,app,grocery,0
2024-01-21 10:56:00,60.83,1054,ES,pos,fashion,0
2024-01-11 05:47:00,101.03,1537,DE,web,fashion,0
2024-01-17 18:35:00,137.15,1022,US,pos,gaming,0
2024-01-02 12:04:00,109.62,1638,GB,web,grocery,0
2024-01-28 22:53:00,67.4,1382,DE,pos,other,0
2024-01-11 06:31:00,73.35,1139,FR,app,travel,0
2024-01-02 17:06:00,208.52,1535,DE,web,fashion,0
2024-01-24 20:00:00,81.71,1552,CH,web,other,0
2024-01-20 17:26:00,179.62,1746,DE,app,gaming,0
2024-01-19 16:21:00,78.43,1197,AT,app,grocery,0
2024-01-02 14:56:00,178.88,1547,GB,web,other,0
2024-01-23 12:36:00,88.61,1844,DE,pos,fashion,0
2024-01-20 02:52:00,129.14,1269,US,web,other,0
2024-01-24 19:25:00,47.43,1835,DE,app,gaming,1
2024-01-25 19:40:00,100.87,1723,IT,pos,other,0
2024-01-07 08:36:00,48.04,1429,FR,app,other,0
2024-01-07 07:39:00,59.6,1883,GB,app,electronics,0
2024-01-28 17:07:00,63.66,1966,DE,pos,electronics,0
2024-01-16 22:20:00,72.36,1236,DE,web,grocery,0
2024-01-14 03:21:00,164.87,1979,PL,pos,fashion,0
2024-01-09 14:47:00,57.71,1002,PL,pos,electronics,0
2024-01-20 04:05:00,93.27,1129,NL,web,travel,0
2024-01-23 14:51:00,179.28,1043,DE,app,fashion,0
2024-01-01 01:39:00,127.22,1367,AT,app,travel,0
2024-01-17 13:53:00,14.48,1936,US,pos,grocery,0
2024-01-30 19:13:00,20.69,1600,ES,pos,travel,0
2024-01-09 10:03:00,111.12,1616,ES,app,grocery,0
2024-01-09 10:14:00,55.31,1084,AT,app,travel,0
